{"count":52,"results":[{"id":1,"user_id":47,"team_id":11,"name":"Hint 183","description":"Hint for Unknown user","date":"2023-03-26T08:37:42.954214","value":-10,"category":"hints","icon":null,"requirements":null,"type":"standard"},{"id":2,"user_id":236,"team_id":46,"name":"Hint 197","description":"Hint for Strong dependencies","date":"2023-03-26T08:47:23.551908","value":-10,"category":"hints","icon":null,"requirements":null,"type":"standard"},{"id":3,"user_id":182,"team_id":40,"name":"Hint 194","description":"Hint for Stego monster","date":"2023-03-26T08:55:42.473831","value":-10,"category":"hints","icon":null,"requirements":null,"type":"standard"},{"id":6,"user_id":215,"team_id":44,"name":"Hint 197","description":"Hint for Strong dependencies","date":"2023-03-26T09:01:36.371408","value":-10,"category":"hints","icon":null,"requirements":null,"type":"standard"},{"id":8,"user_id":217,"team_id":44,"name":"Hint 194","description":"Hint for Stego monster","date":"2023-03-26T09:11:56.140407","value":-10,"category":"hints","icon":null,"requirements":null,"type":"standard"},{"id":11,"user_id":38,"team_id":15,"name":"Hint 194","description":"Hint for Stego monster","date":"2023-03-26T09:27:46.956299","value":-10,"category":"hints","icon":null,"requirements":null,"type":"standard"},{"id":14,"user_id":301,"team_id":59,"name":"Hint 194","description":"Hint for Stego monster","date":"2023-03-26T09:33:42.050700","value":-10,"category":"hints","icon":null,"requirements":null,"type":"standard"},{"id":16,"user_id":182,"team_id":40,"name":"Hint 182","description":"Hint for Hack me","date":"2023-03-26T09:59:03.254409","value":-20,"category":"hints","icon":null,"requirements":null,"type":"standard"},{"id":17,"user_id":47,"team_id":11,"name":"Hint 181","description":"Hint for Repeated process","date":"2023-03-26T10:16:47.138399","value":-10,"category":"hints","icon":null,"requirements":null,"type":"standard"},{"id":19,"user_id":22,"team_id":8,"name":"Hint 194","description":"Hint for Stego monster","date":"2023-03-26T10:24:41.923224","value":-10,"category":"hints","icon":null,"requirements":null,"type":"standard"},{"id":22,"user_id":21,"team_id":11,"name":"Hint 194","description":"Hint for Stego monster","date":"2023-03-26T10:26:40.041228","value":-10,"category":"hints","icon":null,"requirements":null,"type":"standard"},{"id":25,"user_id":22,"team_id":8,"name":"Hint 197","description":"Hint for Strong dependencies","date":"2023-03-26T10:40:14.388379","value":-10,"category":"hints","icon":null,"requirements":null,"type":"standard"},{"id":27,"user_id":226,"team_id":47,"name":"Hint 194","description":"Hint for Stego monster","date":"2023-03-26T10:48:37.749632","value":-10,"category":"hints","icon":null,"requirements":null,"type":"standard"},{"id":30,"user_id":184,"team_id":37,"name":"Hint 249","description":"Hint for Admin console #1","date":"2023-03-26T11:31:35.057043","value":-5,"category":"hints","icon":null,"requirements":null,"type":"standard"},{"id":33,"user_id":102,"team_id":32,"name":"Hint 249","description":"Hint for Admin console #1","date":"2023-03-26T11:31:41.766913","value":-5,"category":"hints","icon":null,"requirements":null,"type":"standard"},{"id":36,"user_id":22,"team_id":8,"name":"Hint 245","description":"Hint for Suspicious square","date":"2023-03-26T11:33:45.938999","value":-10,"category":"hints","icon":null,"requirements":null,"type":"standard"},{"id":39,"user_id":217,"team_id":44,"name":"Hint 249","description":"Hint for Admin console #1","date":"2023-03-26T11:34:33.255871","value":-5,"category":"hints","icon":null,"requirements":null,"type":"standard"},{"id":42,"user_id":309,"team_id":58,"name":"Hint 277","description":"Hint for Admin console #1","date":"2023-03-26T11:37:13.262719","value":-5,"category":"hints","icon":null,"requirements":null,"type":"standard"},{"id":45,"user_id":226,"team_id":47,"name":"Hint 277","description":"Hint for Admin console #1","date":"2023-03-26T11:38:11.854055","value":-5,"category":"hints","icon":null,"requirements":null,"type":"standard"},{"id":47,"user_id":22,"team_id":8,"name":"Hint 259","description":"Hint for Hack me","date":"2023-03-26T11:38:28.253731","value":-20,"category":"hints","icon":null,"requirements":null,"type":"standard"},{"id":48,"user_id":96,"team_id":3,"name":"Hint 301","description":"Hint for Admin console #1","date":"2023-03-26T11:41:05.445164","value":-5,"category":"hints","icon":null,"requirements":null,"type":"standard"},{"id":51,"user_id":176,"team_id":36,"name":"Hint 301","description":"Hint for Admin console #1","date":"2023-03-26T11:45:23.371098","value":-5,"category":"hints","icon":null,"requirements":null,"type":"standard"},{"id":54,"user_id":93,"team_id":20,"name":"Hint 301","description":"Hint for Admin console #1","date":"2023-03-26T11:52:30.163037","value":-5,"category":"hints","icon":null,"requirements":null,"type":"standard"},{"id":56,"user_id":240,"team_id":47,"name":"Hint 299","description":"Hint for Suspicious square","date":"2023-03-26T12:04:45.737949","value":-10,"category":"hints","icon":null,"requirements":null,"type":"standard"},{"id":57,"user_id":60,"team_id":20,"name":"Hint 304","description":"Hint for Recruit","date":"2023-03-26T12:11:33.766661","value":-5,"category":"hints","icon":null,"requirements":null,"type":"standard"},{"id":58,"user_id":77,"team_id":25,"name":"Hint 304","description":"Hint for Recruit","date":"2023-03-26T12:15:47.737152","value":-5,"category":"hints","icon":null,"requirements":null,"type":"standard"},{"id":59,"user_id":121,"team_id":41,"name":"Hint 301","description":"Hint for Admin console #1","date":"2023-03-26T12:22:33.261541","value":-5,"category":"hints","icon":null,"requirements":null,"type":"standard"},{"id":62,"user_id":247,"team_id":46,"name":"Hint 301","description":"Hint for Admin console #1","date":"2023-03-26T12:23:33.360395","value":-5,"category":"hints","icon":null,"requirements":null,"type":"standard"},{"id":65,"user_id":22,"team_id":8,"name":"Hint 278","description":"Hint for Yet another traffic dump","date":"2023-03-26T12:28:48.538028","value":-10,"category":"hints","icon":null,"requirements":null,"type":"standard"},{"id":68,"user_id":22,"team_id":8,"name":"Hint 281","description":"Hint for Yet another traffic dump","date":"2023-03-26T12:28:55.437138","value":-10,"category":"hints","icon":null,"requirements":null,"type":"standard"},{"id":71,"user_id":240,"team_id":47,"name":"Hint 300","description":"Hint for Strong dependencies","date":"2023-03-26T12:31:46.569170","value":-10,"category":"hints","icon":null,"requirements":null,"type":"standard"},{"id":74,"user_id":112,"team_id":32,"name":"Hint 299","description":"Hint for Suspicious square","date":"2023-03-26T12:38:28.457777","value":-10,"category":"hints","icon":null,"requirements":null,"type":"standard"},{"id":75,"user_id":22,"team_id":8,"name":"Hint 299","description":"Hint for Suspicious square","date":"2023-03-26T12:41:13.795730","value":-10,"category":"hints","icon":null,"requirements":null,"type":"standard"},{"id":77,"user_id":240,"team_id":47,"name":"Hint 301","description":"Hint for Admin console #1","date":"2023-03-26T12:47:37.150672","value":-5,"category":"hints","icon":null,"requirements":null,"type":"standard"},{"id":78,"user_id":47,"team_id":11,"name":"Hint 299","description":"Hint for Suspicious square","date":"2023-03-26T12:52:21.362210","value":-10,"category":"hints","icon":null,"requirements":null,"type":"standard"},{"id":79,"user_id":318,"team_id":60,"name":"Hint 301","description":"Hint for Admin console #1","date":"2023-03-26T12:59:44.039703","value":-5,"category":"hints","icon":null,"requirements":null,"type":"standard"},{"id":81,"user_id":22,"team_id":8,"name":"Hint 301","description":"Hint for Admin console #1","date":"2023-03-26T13:02:25.871080","value":-5,"category":"hints","icon":null,"requirements":null,"type":"standard"},{"id":82,"user_id":102,"team_id":32,"name":"Hint 324","description":"Hint for Admin console #3","date":"2023-03-26T13:07:02.052661","value":-10,"category":"hints","icon":null,"requirements":null,"type":"standard"},{"id":83,"user_id":17,"team_id":5,"name":"Hint 296","description":"Hint for Stego monster","date":"2023-03-26T13:12:19.665996","value":-10,"category":"hints","icon":null,"requirements":null,"type":"standard"},{"id":85,"user_id":90,"team_id":37,"name":"Hint 299","description":"Hint for Suspicious square","date":"2023-03-26T13:17:09.056546","value":-10,"category":"hints","icon":null,"requirements":null,"type":"standard"},{"id":87,"user_id":112,"team_id":32,"name":"Hint 296","description":"Hint for Stego monster","date":"2023-03-26T13:18:34.463403","value":-10,"category":"hints","icon":null,"requirements":null,"type":"standard"},{"id":90,"user_id":22,"team_id":8,"name":"Hint 296","description":"Hint for Stego monster","date":"2023-03-26T13:23:52.252447","value":-10,"category":"hints","icon":null,"requirements":null,"type":"standard"},{"id":93,"user_id":318,"team_id":60,"name":"Hint 324","description":"Hint for Admin console #3","date":"2023-03-26T13:24:16.967943","value":-10,"category":"hints","icon":null,"requirements":null,"type":"standard"},{"id":94,"user_id":121,"team_id":41,"name":"Hint 296","description":"Hint for Stego monster","date":"2023-03-26T13:24:21.352700","value":-10,"category":"hints","icon":null,"requirements":null,"type":"standard"},{"id":95,"user_id":11,"team_id":5,"name":"Hint 301","description":"Hint for Admin console #1","date":"2023-03-26T13:29:21.946909","value":-5,"category":"hints","icon":null,"requirements":null,"type":"standard"},{"id":98,"user_id":51,"team_id":18,"name":"Hint 296","description":"Hint for Stego monster","date":"2023-03-26T13:30:18.666136","value":-10,"category":"hints","icon":null,"requirements":null,"type":"standard"},{"id":100,"user_id":53,"team_id":18,"name":"Hint 301","description":"Hint for Admin console #1","date":"2023-03-26T13:33:18.759261","value":-5,"category":"hints","icon":null,"requirements":null,"type":"standard"},{"id":103,"user_id":56,"team_id":18,"name":"Hint 299","description":"Hint for Suspicious square","date":"2023-03-26T13:35:40.944045","value":-10,"category":"hints","icon":null,"requirements":null,"type":"standard"},{"id":106,"user_id":17,"team_id":5,"name":"Hint 299","description":"Hint for Suspicious square","date":"2023-03-26T13:41:49.237905","value":-10,"category":"hints","icon":null,"requirements":null,"type":"standard"},{"id":108,"user_id":247,"team_id":46,"name":"Hint 324","description":"Hint for Admin console #3","date":"2023-03-26T13:44:30.363669","value":-10,"category":"hints","icon":null,"requirements":null,"type":"standard"},{"id":110,"user_id":3,"team_id":2,"name":"Hint 334","description":"Hint for Admin console #4","date":"2023-03-27T07:39:07.788174","value":-10,"category":"hints","icon":null,"requirements":null,"type":"standard"},{"id":111,"user_id":3,"team_id":2,"name":"Hint 324","description":"Hint for Admin console #3","date":"2023-03-27T07:39:28.580461","value":-10,"category":"hints","icon":null,"requirements":null,"type":"standard"}],"meta":{}}