{"count":36,"results":[{"id":2,"initial":100,"minimum":10,"decay":20},{"id":5,"initial":100,"minimum":10,"decay":20},{"id":8,"initial":100,"minimum":10,"decay":20},{"id":11,"initial":100,"minimum":10,"decay":20},{"id":12,"initial":100,"minimum":10,"decay":20},{"id":14,"initial":100,"minimum":10,"decay":20},{"id":15,"initial":100,"minimum":10,"decay":20},{"id":18,"initial":100,"minimum":10,"decay":20},{"id":21,"initial":100,"minimum":10,"decay":20},{"id":24,"initial":100,"minimum":10,"decay":20},{"id":27,"initial":100,"minimum":10,"decay":20},{"id":30,"initial":100,"minimum":10,"decay":20},{"id":32,"initial":100,"minimum":10,"decay":20},{"id":34,"initial":100,"minimum":10,"decay":20},{"id":37,"initial":100,"minimum":10,"decay":20},{"id":39,"initial":100,"minimum":10,"decay":20},{"id":41,"initial":100,"minimum":10,"decay":20},{"id":42,"initial":100,"minimum":10,"decay":20},{"id":45,"initial":100,"minimum":10,"decay":20},{"id":49,"initial":100,"minimum":10,"decay":20},{"id":51,"initial":100,"minimum":10,"decay":20},{"id":54,"initial":100,"minimum":10,"decay":20},{"id":57,"initial":100,"minimum":10,"decay":20},{"id":59,"initial":100,"minimum":10,"decay":20},{"id":61,"initial":100,"minimum":10,"decay":20},{"id":64,"initial":100,"minimum":10,"decay":20},{"id":65,"initial":100,"minimum":10,"decay":20},{"id":68,"initial":100,"minimum":10,"decay":20},{"id":71,"initial":100,"minimum":10,"decay":20},{"id":74,"initial":100,"minimum":10,"decay":20},{"id":76,"initial":100,"minimum":10,"decay":20},{"id":77,"initial":100,"minimum":10,"decay":20},{"id":80,"initial":100,"minimum":10,"decay":20},{"id":83,"initial":100,"minimum":10,"decay":20},{"id":85,"initial":100,"minimum":10,"decay":20},{"id":87,"initial":100,"minimum":10,"decay":20}],"meta":{}}