{"count":3,"results":[{"id":3,"name":"\u041d\u0430\u0437\u0432\u0430\u043d\u0438\u0435 \u0443\u0447\u0435\u0431\u043d\u043e\u0433\u043e \u0437\u0430\u0432\u0435\u0434\u0435\u043d\u0438\u044f","type":"team","field_type":"text","description":"","required":0,"public":0,"editable":0},{"id":4,"name":"\u0424.\u0418.\u041e","type":"user","field_type":"text","description":"","required":0,"public":0,"editable":0},{"id":6,"name":"\u041d\u0430\u0437\u0432\u0430\u043d\u0438\u0435 \u0443\u0447\u0435\u0431\u043d\u043e\u0433\u043e \u0437\u0430\u0432\u0435\u0434\u0435\u043d\u0438\u044f","type":"user","field_type":"text","description":"","required":0,"public":0,"editable":0}],"meta":{}}