{"count":22,"results":[{"id":3,"type":"standard","location":"6100ec6dfac713b4fe7400a5bfe43d20/2023.svg","challenge_id":null,"page_id":null},{"id":6,"type":"standard","location":"393a58ab7bbfa855edf5c3f6e0dc67fd/logo.png","challenge_id":null,"page_id":null},{"id":9,"type":"standard","location":"c007d002e6e370cc79d0ec4de380bcd6/2023.svg","challenge_id":null,"page_id":null},{"id":139,"type":"page","location":"0b5095746d4ba084555d0ba16647b2a8/discord-mark-white.png","challenge_id":null,"page_id":null},{"id":140,"type":"page","location":"ace0f906def6564054d2f4e3564ae1d3/2023.svg","challenge_id":null,"page_id":null},{"id":314,"type":"challenge","location":"a00c39e421ff93bdb33718e86c8118e3/task.osz","challenge_id":2,"page_id":null},{"id":317,"type":"challenge","location":"c3fbab6731f2afd762fe74156e4cdb1c/yet_another_traffic_dump.pcapng","challenge_id":59,"page_id":null},{"id":318,"type":"challenge","location":"de2f6e4a5b084625c7d281e541704abc/Lab122_files.zip","challenge_id":8,"page_id":null},{"id":321,"type":"challenge","location":"e182291bbf5c9c17b99bb5997c86cee4/ClickMe.exe","challenge_id":76,"page_id":null},{"id":322,"type":"challenge","location":"333c1a6392ed1c29aa2fd0f3facc8c13/git_repo.zip","challenge_id":77,"page_id":null},{"id":323,"type":"challenge","location":"1d569e24aa601e10f66720e513d9d15c/scp.exe","challenge_id":61,"page_id":null},{"id":324,"type":"challenge","location":"56710b534874794612e11b9c7b65adb5/strange","challenge_id":64,"page_id":null},{"id":326,"type":"challenge","location":"10e12fda92dc5271e22b03c8e3943fe7/escape","challenge_id":34,"page_id":null},{"id":328,"type":"challenge","location":"79efcb4f50e0a1cb9fe2d2c75bbab168/lvl1.zip","challenge_id":37,"page_id":null},{"id":331,"type":"challenge","location":"ed3572421e1d963b8bf0587ca1b923d1/Kittens.mkv","challenge_id":27,"page_id":null},{"id":333,"type":"challenge","location":"643c8ee806b27fd37964818b4a39fb30/key.zip","challenge_id":41,"page_id":null},{"id":334,"type":"challenge","location":"a0bbbe0cd4b328070c60d08d82dac9e9/black.png","challenge_id":87,"page_id":null},{"id":337,"type":"challenge","location":"dacedea67208a0d08361c54d6dea8e86/encrypt.py","challenge_id":42,"page_id":null},{"id":340,"type":"challenge","location":"a643dc4b96adb097b09c9820cf1b0e55/out.txt","challenge_id":42,"page_id":null},{"id":343,"type":"challenge","location":"6b19fa49cb33bbeedb6c6d3b1964f479/encrypt.py","challenge_id":45,"page_id":null},{"id":345,"type":"challenge","location":"8074f192316638e457dd5d6607691cce/flag.txt","challenge_id":15,"page_id":null},{"id":346,"type":"challenge","location":"1d279a5ba3636cb2a29205aeadbfb20f/server.py","challenge_id":51,"page_id":null}],"meta":{}}