{"count":40,"results":[{"id":411,"challenge_id":83,"type":"static","content":"vrnctf{H3ll0_w0rld}","data":""},{"id":486,"challenge_id":85,"type":"static","content":"vrnctf(w3lc0m3_t0_sb3rbank)","data":""},{"id":490,"challenge_id":85,"type":"static","content":"vrnctf{w3lc0m3_t0_sb3rbank}","data":""},{"id":717,"challenge_id":2,"type":"static","content":"vrnctf{did_you_like_an_ai_generated_map}","data":"case_insensitive"},{"id":718,"challenge_id":30,"type":"static","content":"vrnctf{w3lcome_to_t1me_an0mali3es_ag3nt}","data":"case_insensitive"},{"id":719,"challenge_id":18,"type":"static","content":"vrnctf{Luca_Guerra_Guard@MyLan0}","data":"case_insensitive"},{"id":722,"challenge_id":18,"type":"static","content":"vrnctf{Luca_Guerra_ChocolateMakers}","data":"case_insensitive"},{"id":723,"challenge_id":21,"type":"static","content":"vrnctf{th3_const3llation_0f_c4nis_maj0r_is_gl4d_to_m3et_new_fr13nd_4nd_inv1tes_y0u_to_j0in_th3_hunt}","data":"case_insensitive"},{"id":726,"challenge_id":24,"type":"static","content":"vrnctf{69_37_N_98_41_W_4H_1M_43S}","data":"case_insensitive"},{"id":728,"challenge_id":59,"type":"static","content":"vrnctf{Z1gb33_4l14nc3_09}","data":null},{"id":729,"challenge_id":5,"type":"static","content":"vrnctf{N1c3_c2_framew0rk}","data":null},{"id":732,"challenge_id":8,"type":"static","content":"vrnctf{1_am_a_t0st3r}","data":null},{"id":735,"challenge_id":76,"type":"static","content":"vrnctf{h3ll0_h4ck3rm4n}","data":null},{"id":737,"challenge_id":11,"type":"static","content":"vrnctf{5cp_wa5_cr3at3d}","data":null},{"id":739,"challenge_id":12,"type":"static","content":"vrnctf{Us3_5tr0ng_pa55w0rd5}","data":null},{"id":740,"challenge_id":14,"type":"static","content":"vrnctf{Scp_1337_w3c_sh311}","data":null},{"id":741,"challenge_id":77,"type":"static","content":"vrnctf{ch4ng1ng_g1t_h1st0ry}","data":null},{"id":742,"challenge_id":32,"type":"static","content":"vrnctf{wh4t_d0_u_kn0w_ab4ut_bl0ck_c1ph3rs}","data":"case_insensitive"},{"id":744,"challenge_id":61,"type":"static","content":"vrnctf{h1dd3n}","data":null},{"id":746,"challenge_id":64,"type":"static","content":"vrnctf{cf0ceeba5a2943bc1ac6b671b049bf4a}","data":null},{"id":749,"challenge_id":34,"type":"static","content":"vrnctf{scp0_mystery1_go2_reverse3}","data":null},{"id":750,"challenge_id":37,"type":"static","content":"vrnctf{sh41_h4s1ng}","data":"case_insensitive"},{"id":752,"challenge_id":39,"type":"static","content":"vrnctf{b0r1ng_x0r1ng_x0r1ng_b0r1ng}","data":"case_insensitive"},{"id":754,"challenge_id":27,"type":"static","content":"vrnctf{do_not_fear_the_reaper}","data":"case_insensitive"},{"id":755,"challenge_id":41,"type":"static","content":"vrnctf{hidd3n_v3ry_hidd3n}","data":null},{"id":758,"challenge_id":87,"type":"static","content":"vrnctf{0ld_but_g0ld}","data":null},{"id":759,"challenge_id":65,"type":"static","content":"vrnctf{b1g1nt_fort9ne_tell3r}","data":null},{"id":761,"challenge_id":42,"type":"static","content":"vrnctf{co33elation_m5nip5lat10n_m4st3r}","data":null},{"id":762,"challenge_id":45,"type":"static","content":"vrnctf{be5t_l1near_br7te_s0lv5r}","data":null},{"id":765,"challenge_id":15,"type":"static","content":"vrnctf{t0mography_g0ne_wrong}","data":"case_insensitive"},{"id":767,"challenge_id":68,"type":"static","content":"vrnctf{d3f4ul7_4ppl1c4710n}","data":null},{"id":768,"challenge_id":54,"type":"static","content":"vrnctf{pr0c_r34d3r_ch4mp10n}","data":null},{"id":770,"challenge_id":71,"type":"static","content":"vrnctf{kub3rh475k3r_c0nf16m4p3r}","data":null},{"id":772,"challenge_id":49,"type":"static","content":"vrnctf{f6ce_f0rens1s_sh3rl0ck}","data":null},{"id":775,"challenge_id":57,"type":"static","content":"vrnctf{000h_3nv_m4573r_53mp44441}","data":null},{"id":776,"challenge_id":51,"type":"static","content":"vrnctf{sq1_un1on_uni3n_un20n}","data":null},{"id":779,"challenge_id":80,"type":"static","content":"vrnctf{n0d3_hun73r}","data":null},{"id":781,"challenge_id":74,"type":"static","content":"vrnctf{secr7t_3cp_inf0}","data":null},{"id":783,"challenge_id":14,"type":"static","content":"vrnctf{Scp_1337_w3b_sh311}","data":""},{"id":784,"challenge_id":24,"type":"regex","content":"vrnctf{69_37_N_98_41_W_4H_(\\d+)M_(\\d+)S}","data":"case_insensitive"}],"meta":{}}