{"count":228,"results":[{"id":1,"challenge_id":83,"user_id":3,"team_id":2},{"id":3,"challenge_id":83,"user_id":8,"team_id":3},{"id":5,"challenge_id":83,"user_id":193,"team_id":22},{"id":6,"challenge_id":83,"user_id":47,"team_id":11},{"id":7,"challenge_id":83,"user_id":102,"team_id":32},{"id":10,"challenge_id":83,"user_id":135,"team_id":39},{"id":12,"challenge_id":83,"user_id":50,"team_id":20},{"id":14,"challenge_id":83,"user_id":29,"team_id":14},{"id":16,"challenge_id":83,"user_id":53,"team_id":18},{"id":19,"challenge_id":83,"user_id":257,"team_id":49},{"id":20,"challenge_id":83,"user_id":59,"team_id":28},{"id":21,"challenge_id":83,"user_id":22,"team_id":8},{"id":24,"challenge_id":83,"user_id":221,"team_id":37},{"id":25,"challenge_id":83,"user_id":11,"team_id":5},{"id":32,"challenge_id":83,"user_id":237,"team_id":36},{"id":35,"challenge_id":83,"user_id":32,"team_id":15},{"id":36,"challenge_id":83,"user_id":127,"team_id":25},{"id":42,"challenge_id":83,"user_id":71,"team_id":41},{"id":46,"challenge_id":83,"user_id":144,"team_id":34},{"id":49,"challenge_id":83,"user_id":117,"team_id":31},{"id":57,"challenge_id":83,"user_id":226,"team_id":47},{"id":61,"challenge_id":83,"user_id":217,"team_id":44},{"id":64,"challenge_id":83,"user_id":245,"team_id":46},{"id":76,"challenge_id":83,"user_id":197,"team_id":40},{"id":85,"challenge_id":85,"user_id":90,"team_id":37},{"id":91,"challenge_id":85,"user_id":60,"team_id":20},{"id":98,"challenge_id":85,"user_id":45,"team_id":18},{"id":101,"challenge_id":85,"user_id":117,"team_id":31},{"id":105,"challenge_id":85,"user_id":18,"team_id":3},{"id":108,"challenge_id":85,"user_id":92,"team_id":22},{"id":110,"challenge_id":85,"user_id":32,"team_id":15},{"id":112,"challenge_id":85,"user_id":165,"team_id":36},{"id":118,"challenge_id":85,"user_id":236,"team_id":46},{"id":129,"challenge_id":85,"user_id":112,"team_id":32},{"id":131,"challenge_id":85,"user_id":260,"team_id":49},{"id":134,"challenge_id":85,"user_id":154,"team_id":14},{"id":141,"challenge_id":85,"user_id":47,"team_id":11},{"id":151,"challenge_id":83,"user_id":309,"team_id":58},{"id":152,"challenge_id":85,"user_id":211,"team_id":44},{"id":158,"challenge_id":83,"user_id":315,"team_id":59},{"id":163,"challenge_id":83,"user_id":306,"team_id":60},{"id":172,"challenge_id":49,"user_id":184,"team_id":37},{"id":173,"challenge_id":85,"user_id":243,"team_id":47},{"id":178,"challenge_id":85,"user_id":306,"team_id":60},{"id":183,"challenge_id":85,"user_id":59,"team_id":28},{"id":192,"challenge_id":85,"user_id":123,"team_id":34},{"id":228,"challenge_id":8,"user_id":50,"team_id":20},{"id":231,"challenge_id":85,"user_id":11,"team_id":5},{"id":243,"challenge_id":49,"user_id":33,"team_id":15},{"id":246,"challenge_id":85,"user_id":315,"team_id":59},{"id":263,"challenge_id":85,"user_id":121,"team_id":41},{"id":272,"challenge_id":2,"user_id":193,"team_id":22},{"id":276,"challenge_id":2,"user_id":26,"team_id":3},{"id":287,"challenge_id":49,"user_id":243,"team_id":47},{"id":289,"challenge_id":2,"user_id":38,"team_id":15},{"id":300,"challenge_id":85,"user_id":190,"team_id":40},{"id":302,"challenge_id":57,"user_id":199,"team_id":39},{"id":328,"challenge_id":30,"user_id":41,"team_id":18},{"id":344,"challenge_id":49,"user_id":79,"team_id":25},{"id":346,"challenge_id":34,"user_id":58,"team_id":3},{"id":351,"challenge_id":34,"user_id":168,"team_id":15},{"id":375,"challenge_id":30,"user_id":8,"team_id":3},{"id":381,"challenge_id":2,"user_id":318,"team_id":60},{"id":383,"challenge_id":2,"user_id":127,"team_id":25},{"id":398,"challenge_id":49,"user_id":210,"team_id":22},{"id":418,"challenge_id":49,"user_id":256,"team_id":40},{"id":422,"challenge_id":30,"user_id":204,"team_id":46},{"id":425,"challenge_id":2,"user_id":56,"team_id":18},{"id":453,"challenge_id":34,"user_id":298,"team_id":58},{"id":475,"challenge_id":49,"user_id":207,"team_id":44},{"id":494,"challenge_id":65,"user_id":8,"team_id":3},{"id":515,"challenge_id":49,"user_id":131,"team_id":14},{"id":520,"challenge_id":8,"user_id":59,"team_id":28},{"id":522,"challenge_id":49,"user_id":50,"team_id":20},{"id":536,"challenge_id":54,"user_id":199,"team_id":39},{"id":540,"challenge_id":49,"user_id":324,"team_id":60},{"id":542,"challenge_id":49,"user_id":117,"team_id":31},{"id":555,"challenge_id":49,"user_id":17,"team_id":5},{"id":609,"challenge_id":49,"user_id":96,"team_id":3},{"id":632,"challenge_id":49,"user_id":304,"team_id":59},{"id":673,"challenge_id":15,"user_id":171,"team_id":34},{"id":679,"challenge_id":30,"user_id":328,"team_id":60},{"id":693,"challenge_id":49,"user_id":287,"team_id":39},{"id":712,"challenge_id":27,"user_id":127,"team_id":25},{"id":714,"challenge_id":49,"user_id":209,"team_id":36},{"id":774,"challenge_id":65,"user_id":93,"team_id":20},{"id":804,"challenge_id":8,"user_id":53,"team_id":18},{"id":833,"challenge_id":30,"user_id":92,"team_id":22},{"id":836,"challenge_id":49,"user_id":56,"team_id":18},{"id":839,"challenge_id":30,"user_id":79,"team_id":25},{"id":840,"challenge_id":45,"user_id":218,"team_id":37},{"id":845,"challenge_id":76,"user_id":71,"team_id":41},{"id":849,"challenge_id":51,"user_id":224,"team_id":37},{"id":879,"challenge_id":74,"user_id":93,"team_id":20},{"id":902,"challenge_id":49,"user_id":124,"team_id":11},{"id":937,"challenge_id":49,"user_id":260,"team_id":49},{"id":948,"challenge_id":49,"user_id":71,"team_id":41},{"id":953,"challenge_id":49,"user_id":298,"team_id":58},{"id":955,"challenge_id":49,"user_id":87,"team_id":28},{"id":975,"challenge_id":74,"user_id":5,"team_id":5},{"id":1012,"challenge_id":30,"user_id":64,"team_id":20},{"id":1016,"challenge_id":34,"user_id":181,"team_id":22},{"id":1019,"challenge_id":24,"user_id":302,"team_id":58},{"id":1041,"challenge_id":30,"user_id":119,"team_id":41},{"id":1048,"challenge_id":30,"user_id":11,"team_id":5},{"id":1063,"challenge_id":27,"user_id":22,"team_id":8},{"id":1067,"challenge_id":49,"user_id":252,"team_id":46},{"id":1068,"challenge_id":65,"user_id":201,"team_id":47},{"id":1071,"challenge_id":27,"user_id":92,"team_id":22},{"id":1091,"challenge_id":85,"user_id":327,"team_id":58},{"id":1167,"challenge_id":34,"user_id":48,"team_id":18},{"id":1223,"challenge_id":2,"user_id":152,"team_id":39},{"id":1232,"challenge_id":41,"user_id":298,"team_id":58},{"id":1252,"challenge_id":30,"user_id":243,"team_id":47},{"id":1281,"challenge_id":74,"user_id":224,"team_id":37},{"id":1301,"challenge_id":59,"user_id":90,"team_id":37},{"id":1304,"challenge_id":41,"user_id":50,"team_id":20},{"id":1307,"challenge_id":76,"user_id":59,"team_id":28},{"id":1310,"challenge_id":2,"user_id":100,"team_id":20},{"id":1312,"challenge_id":65,"user_id":173,"team_id":32},{"id":1322,"challenge_id":27,"user_id":165,"team_id":36},{"id":1329,"challenge_id":8,"user_id":47,"team_id":11},{"id":1339,"challenge_id":76,"user_id":58,"team_id":3},{"id":1344,"challenge_id":30,"user_id":107,"team_id":32},{"id":1353,"challenge_id":76,"user_id":41,"team_id":18},{"id":1418,"challenge_id":76,"user_id":318,"team_id":60},{"id":1422,"challenge_id":85,"user_id":140,"team_id":39},{"id":1425,"challenge_id":76,"user_id":181,"team_id":22},{"id":1428,"challenge_id":2,"user_id":47,"team_id":11},{"id":1438,"challenge_id":85,"user_id":127,"team_id":25},{"id":1444,"challenge_id":30,"user_id":221,"team_id":37},{"id":1452,"challenge_id":76,"user_id":47,"team_id":11},{"id":1459,"challenge_id":2,"user_id":15,"team_id":5},{"id":1470,"challenge_id":37,"user_id":3,"team_id":2},{"id":1475,"challenge_id":39,"user_id":3,"team_id":2},{"id":1476,"challenge_id":15,"user_id":243,"team_id":47},{"id":1480,"challenge_id":65,"user_id":210,"team_id":22},{"id":1486,"challenge_id":57,"user_id":224,"team_id":37},{"id":1490,"challenge_id":2,"user_id":74,"team_id":31},{"id":1504,"challenge_id":54,"user_id":224,"team_id":37},{"id":1508,"challenge_id":41,"user_id":199,"team_id":39},{"id":1546,"challenge_id":57,"user_id":96,"team_id":3},{"id":1555,"challenge_id":30,"user_id":176,"team_id":36},{"id":1568,"challenge_id":76,"user_id":104,"team_id":31},{"id":1581,"challenge_id":64,"user_id":58,"team_id":3},{"id":1589,"challenge_id":54,"user_id":8,"team_id":3},{"id":1607,"challenge_id":49,"user_id":132,"team_id":34},{"id":1610,"challenge_id":41,"user_id":326,"team_id":60},{"id":1635,"challenge_id":27,"user_id":287,"team_id":39},{"id":1654,"challenge_id":30,"user_id":137,"team_id":34},{"id":1657,"challenge_id":37,"user_id":232,"team_id":25},{"id":1660,"challenge_id":27,"user_id":11,"team_id":5},{"id":1663,"challenge_id":39,"user_id":232,"team_id":25},{"id":1670,"challenge_id":57,"user_id":50,"team_id":20},{"id":1677,"challenge_id":30,"user_id":302,"team_id":58},{"id":1686,"challenge_id":30,"user_id":304,"team_id":59},{"id":1687,"challenge_id":27,"user_id":47,"team_id":11},{"id":1706,"challenge_id":41,"user_id":301,"team_id":59},{"id":1850,"challenge_id":27,"user_id":226,"team_id":47},{"id":1889,"challenge_id":30,"user_id":228,"team_id":44},{"id":1892,"challenge_id":76,"user_id":322,"team_id":58},{"id":1990,"challenge_id":27,"user_id":117,"team_id":31},{"id":2003,"challenge_id":2,"user_id":269,"team_id":47},{"id":2024,"challenge_id":27,"user_id":156,"team_id":34},{"id":2025,"challenge_id":27,"user_id":204,"team_id":46},{"id":2030,"challenge_id":2,"user_id":225,"team_id":36},{"id":2078,"challenge_id":65,"user_id":218,"team_id":37},{"id":2095,"challenge_id":57,"user_id":309,"team_id":58},{"id":2101,"challenge_id":30,"user_id":263,"team_id":49},{"id":2124,"challenge_id":8,"user_id":22,"team_id":8},{"id":2138,"challenge_id":8,"user_id":92,"team_id":22},{"id":2169,"challenge_id":65,"user_id":298,"team_id":58},{"id":2178,"challenge_id":76,"user_id":17,"team_id":5},{"id":2179,"challenge_id":54,"user_id":50,"team_id":20},{"id":2217,"challenge_id":76,"user_id":144,"team_id":34},{"id":2222,"challenge_id":30,"user_id":131,"team_id":14},{"id":2256,"challenge_id":15,"user_id":318,"team_id":60},{"id":2263,"challenge_id":57,"user_id":102,"team_id":32},{"id":2277,"challenge_id":57,"user_id":252,"team_id":46},{"id":2282,"challenge_id":54,"user_id":252,"team_id":46},{"id":2315,"challenge_id":76,"user_id":293,"team_id":59},{"id":2320,"challenge_id":27,"user_id":64,"team_id":20},{"id":2336,"challenge_id":2,"user_id":156,"team_id":34},{"id":2342,"challenge_id":21,"user_id":92,"team_id":22},{"id":2373,"challenge_id":45,"user_id":322,"team_id":58},{"id":2391,"challenge_id":54,"user_id":309,"team_id":58},{"id":2434,"challenge_id":65,"user_id":245,"team_id":46},{"id":2453,"challenge_id":27,"user_id":26,"team_id":3},{"id":2498,"challenge_id":65,"user_id":232,"team_id":25},{"id":2524,"challenge_id":34,"user_id":165,"team_id":36},{"id":2556,"challenge_id":5,"user_id":308,"team_id":60},{"id":2557,"challenge_id":76,"user_id":243,"team_id":47},{"id":2579,"challenge_id":24,"user_id":171,"team_id":34},{"id":2602,"challenge_id":76,"user_id":50,"team_id":20},{"id":2652,"challenge_id":54,"user_id":324,"team_id":60},{"id":2656,"challenge_id":57,"user_id":318,"team_id":60},{"id":2666,"challenge_id":27,"user_id":328,"team_id":60},{"id":2669,"challenge_id":30,"user_id":287,"team_id":39},{"id":2675,"challenge_id":24,"user_id":243,"team_id":47},{"id":2681,"challenge_id":21,"user_id":302,"team_id":58},{"id":2692,"challenge_id":24,"user_id":64,"team_id":20},{"id":2697,"challenge_id":5,"user_id":201,"team_id":47},{"id":2738,"challenge_id":76,"user_id":232,"team_id":25},{"id":2763,"challenge_id":41,"user_id":17,"team_id":5},{"id":2774,"challenge_id":11,"user_id":269,"team_id":47},{"id":2784,"challenge_id":71,"user_id":199,"team_id":39},{"id":2799,"challenge_id":76,"user_id":335,"team_id":46},{"id":2857,"challenge_id":41,"user_id":112,"team_id":32},{"id":2912,"challenge_id":57,"user_id":11,"team_id":5},{"id":2914,"challenge_id":14,"user_id":201,"team_id":47},{"id":2968,"challenge_id":18,"user_id":58,"team_id":3},{"id":3010,"challenge_id":21,"user_id":58,"team_id":3},{"id":3014,"challenge_id":30,"user_id":117,"team_id":31},{"id":3028,"challenge_id":21,"user_id":38,"team_id":15},{"id":3075,"challenge_id":8,"user_id":298,"team_id":58},{"id":3095,"challenge_id":2,"user_id":304,"team_id":59},{"id":3145,"challenge_id":8,"user_id":232,"team_id":25},{"id":3152,"challenge_id":8,"user_id":36,"team_id":3},{"id":3167,"challenge_id":54,"user_id":102,"team_id":32},{"id":3185,"challenge_id":24,"user_id":179,"team_id":25},{"id":3309,"challenge_id":74,"user_id":8,"team_id":3},{"id":3323,"challenge_id":24,"user_id":92,"team_id":22},{"id":3324,"challenge_id":74,"user_id":295,"team_id":58},{"id":3422,"challenge_id":27,"user_id":304,"team_id":59},{"id":3465,"challenge_id":18,"user_id":92,"team_id":22},{"id":3482,"challenge_id":14,"user_id":87,"team_id":28},{"id":3501,"challenge_id":41,"user_id":58,"team_id":3},{"id":3549,"challenge_id":8,"user_id":172,"team_id":37}],"meta":{}}