{"count":28,"results":[{"id":2,"oauth_id":null,"name":"ONO","email":null,"password":"$bcrypt-sha256$v=2,t=2b,r=12$QOZ3k1hPxFuTtFq1ZaJsre$4OzMSr4O0V84Q6OQJRA6Clw49NV/zJ.","secret":null,"website":null,"affiliation":null,"country":null,"bracket":null,"hidden":1,"banned":0,"created":"2023-03-24T23:21:30.256367","captain_id":3},{"id":3,"oauth_id":null,"name":"\u0441\u043c\u0443\u0437\u0438\u0445\u043b\u0451\u0431\u044b","email":null,"password":"$bcrypt-sha256$v=2,t=2b,r=12$KPOLZStodJsApvYxp5YHyO$r/gqM5chDMvBZA.cAMQbFZi7I5q1LBS","secret":null,"website":"https://letmegooglethat.com/","affiliation":"","country":"KI","bracket":null,"hidden":0,"banned":0,"created":"2023-03-26T08:14:39.736181","captain_id":8},{"id":5,"oauth_id":null,"name":"\u0421\u043e\u0437\u0432\u0435\u0437\u0434\u0438\u0435 \u0425\u0430\u043e\u0441","email":null,"password":"$bcrypt-sha256$v=2,t=2b,r=12$VVvmngEjGiN7MzQjxZnTTu$vp2PnO2MxV7OgwL8Y.P9XDBcYdgocx2","secret":null,"website":null,"affiliation":null,"country":null,"bracket":null,"hidden":0,"banned":0,"created":"2023-03-26T08:15:04.659058","captain_id":5},{"id":8,"oauth_id":null,"name":"\u041f\u043e\u0442\u043e\u043b\u043e\u043a","email":null,"password":"$bcrypt-sha256$v=2,t=2b,r=12$NrR.Uc9SpSTk7oSY8SlnY.$9mxrsnFkpKFzCfLO5/bqoBZGsIKWrgq","secret":null,"website":null,"affiliation":null,"country":null,"bracket":null,"hidden":0,"banned":0,"created":"2023-03-26T08:17:06.662640","captain_id":22},{"id":11,"oauth_id":null,"name":"qwerteam","email":null,"password":"$bcrypt-sha256$v=2,t=2b,r=12$d8y2dCSLS549ymJhzg7G2u$c.G6TE.64qxMD.OEYC/XXfZpbbKIC3W","secret":null,"website":null,"affiliation":null,"country":null,"bracket":null,"hidden":0,"banned":0,"created":"2023-03-26T08:17:07.966535","captain_id":21},{"id":14,"oauth_id":null,"name":"CyberTeam","email":null,"password":"$bcrypt-sha256$v=2,t=2b,r=12$heYWgMcPWPI225bqJAhPX.$6YGsUVHFdSxCmGbB0CDgr68/.74tyRC","secret":null,"website":null,"affiliation":null,"country":null,"bracket":null,"hidden":0,"banned":0,"created":"2023-03-26T08:17:15.858185","captain_id":29},{"id":15,"oauth_id":null,"name":"\u0411\u0430\u0440\u0445\u0430\u0442\u043d\u044b\u0435 \u0442\u044f\u0433\u0438","email":null,"password":"$bcrypt-sha256$v=2,t=2b,r=12$QVSUxM8GarcXvD1mShl9Wu$84zBFC6qSDzWOfnrNpiBUNfmPx/wbY.","secret":null,"website":"","affiliation":"","country":"NE","bracket":null,"hidden":0,"banned":0,"created":"2023-03-26T08:17:39.853011","captain_id":32},{"id":18,"oauth_id":null,"name":"Gurren-Ban","email":null,"password":"$bcrypt-sha256$v=2,t=2b,r=12$dGC1dX0mPmHoNUquXHY6Ne$fRbUgaPFRyw/9g61oGnXxbS6MJeQFVa","secret":null,"website":null,"affiliation":null,"country":null,"bracket":null,"hidden":0,"banned":0,"created":"2023-03-26T08:19:02.253451","captain_id":56},{"id":20,"oauth_id":null,"name":"\u041b\u0435\u0433\u0435\u043d\u0434\u0430\u0440\u043d\u044b\u0435 \u0433\u0440\u043e\u0441\u0441\u043c\u0435\u0439\u0441\u0442\u0435\u0440\u044b","email":null,"password":"$bcrypt-sha256$v=2,t=2b,r=12$1YP67d4ed1XmlCM9Dbekzu$V/QR6hcKzBNW2.DS5bTLdXmrZuHPXO6","secret":null,"website":"","affiliation":"","country":"RU","bracket":null,"hidden":0,"banned":0,"created":"2023-03-26T08:19:43.157414","captain_id":50},{"id":22,"oauth_id":null,"name":"[DnO]","email":null,"password":"$bcrypt-sha256$v=2,t=2b,r=12$Wal2/PFMhP1Q1Rqq7ugJB.$jsT2v0qKA1w8URejdzugJ7yTHGqNI3q","secret":null,"website":null,"affiliation":null,"country":null,"bracket":null,"hidden":0,"banned":0,"created":"2023-03-26T08:20:20.762559","captain_id":92},{"id":25,"oauth_id":null,"name":"\u0411\u043e\u0433\u043e\u044e\u0437\u0435\u0440\u044b","email":null,"password":"$bcrypt-sha256$v=2,t=2b,r=12$a1uxVkYjkNMqkv3cPY6u8e$AdmfU9u0YbMrjvZNna72dKGPHjGGzCa","secret":null,"website":null,"affiliation":null,"country":null,"bracket":null,"hidden":0,"banned":0,"created":"2023-03-26T08:20:29.939851","captain_id":77},{"id":28,"oauth_id":null,"name":"Ctrl-Alt-Defeat","email":null,"password":"$bcrypt-sha256$v=2,t=2b,r=12$WWZsWAS0phL9PH68pUwZEO$lCu8w0XQaEfs/RTa2TNK.VCI0DlMFAq","secret":null,"website":null,"affiliation":null,"country":null,"bracket":null,"hidden":0,"banned":0,"created":"2023-03-26T08:21:09.343158","captain_id":87},{"id":31,"oauth_id":null,"name":"VI_MVD_3","email":null,"password":"$bcrypt-sha256$v=2,t=2b,r=12$Hr9En0boRX8EsmmdplfAr.$8b5RrLykTPIQQm.drbiPcUpMh2q0nNS","secret":null,"website":null,"affiliation":null,"country":null,"bracket":null,"hidden":0,"banned":0,"created":"2023-03-26T08:21:25.640481","captain_id":117},{"id":32,"oauth_id":null,"name":"\u0413\u041e\u0421\u0422 \u0420 50922-2006","email":null,"password":"$bcrypt-sha256$v=2,t=2b,r=12$16y0/wNh5mkUQMXyj3SVVO$ooD01vK1rQv8g5vrLjUkv6FX8/.S0pq","secret":null,"website":null,"affiliation":null,"country":null,"bracket":null,"hidden":0,"banned":0,"created":"2023-03-26T08:21:53.537715","captain_id":112},{"id":34,"oauth_id":null,"name":"VI_MVD_2","email":null,"password":"$bcrypt-sha256$v=2,t=2b,r=12$j8rQ9JvjE0mnxL9ZTwWEf.$fEZ/NRifefDaWRwhX7meT9L9Yz7xcHO","secret":null,"website":null,"affiliation":null,"country":null,"bracket":null,"hidden":0,"banned":0,"created":"2023-03-26T08:22:34.044815","captain_id":123},{"id":36,"oauth_id":null,"name":"Bebra-IT","email":null,"password":"$bcrypt-sha256$v=2,t=2b,r=12$2XYclOJ.k7qLew.3T7Bh7O$Z1/ZBN5ZXAMAW66b/0J9BvOjE1Pe7eW","secret":null,"website":null,"affiliation":null,"country":null,"bracket":null,"hidden":0,"banned":0,"created":"2023-03-26T08:23:22.250127","captain_id":165},{"id":37,"oauth_id":null,"name":"Aboba","email":null,"password":"$bcrypt-sha256$v=2,t=2b,r=12$tJi2v713QUgbgul7FJH8I.$E9ymGK12nWqiIuulHg1.9ZnPP8FRLOm","secret":null,"website":"","affiliation":"","country":"","bracket":null,"hidden":0,"banned":0,"created":"2023-03-26T08:23:53.055523","captain_id":172},{"id":39,"oauth_id":null,"name":"Anton","email":null,"password":"$bcrypt-sha256$v=2,t=2b,r=12$4s3N7vIIz6EEj462WyAzw.$WgvXZHmKrLXPv4F8WnkuyN2s6vzD8xO","secret":null,"website":null,"affiliation":null,"country":null,"bracket":null,"hidden":0,"banned":0,"created":"2023-03-26T08:24:17.441353","captain_id":135},{"id":40,"oauth_id":null,"name":"\u0418\u043d\u0444\u043e\u0411\u0435\u0437\u043e\u043f\u0430\u0441\u043d\u044b\u0435","email":null,"password":"$bcrypt-sha256$v=2,t=2b,r=12$FVAZS9pbrH0pEGK6axTR4e$KJcjbdBmXUmfBkGUKK4mW06kqRY42pq","secret":null,"website":"","affiliation":"","country":"","bracket":null,"hidden":0,"banned":0,"created":"2023-03-26T08:24:30.565175","captain_id":162},{"id":41,"oauth_id":null,"name":"Valar Morghulis","email":null,"password":"$bcrypt-sha256$v=2,t=2b,r=12$cItZwlzXJKoIRfdRSBNb3e$XxWI.kFyodpqd0nfy4WMuuFrFDNUSSq","secret":null,"website":null,"affiliation":null,"country":null,"bracket":null,"hidden":0,"banned":0,"created":"2023-03-26T08:24:47.842675","captain_id":82},{"id":44,"oauth_id":null,"name":"\u0421\u0432\u044f\u0437\u0438\u0441\u0442\u044b","email":null,"password":"$bcrypt-sha256$v=2,t=2b,r=12$LNrNcXHbbfJU8UsYzrcnX.$nTCA9tT4xmCYbnl3JCJaL182F2zmV6m","secret":null,"website":null,"affiliation":null,"country":null,"bracket":null,"hidden":0,"banned":0,"created":"2023-03-26T08:25:34.559439","captain_id":207},{"id":46,"oauth_id":null,"name":"\u04224\u0430\u043a\u04420\u0440\u0438\u0441\u0442i","email":null,"password":"$bcrypt-sha256$v=2,t=2b,r=12$eUMQI8ZH5ge4Cjht9TyjI.$FiwuPN0DE7Mr2uQeoFF2K4VnRS3iKFu","secret":null,"website":null,"affiliation":null,"country":null,"bracket":null,"hidden":0,"banned":0,"created":"2023-03-26T08:25:46.349782","captain_id":204},{"id":47,"oauth_id":null,"name":"KriptON","email":null,"password":"$bcrypt-sha256$v=2,t=2b,r=12$68ztEddOWk/zrM6O1Uqstu$sZvf8mHWL83P10Kp17Mvu6CpMfhasHS","secret":null,"website":null,"affiliation":null,"country":null,"bracket":null,"hidden":0,"banned":0,"created":"2023-03-26T08:27:52.964431","captain_id":226},{"id":49,"oauth_id":null,"name":"\u041a\u043e\u0442\u044f\u0442\u0430","email":null,"password":"$bcrypt-sha256$v=2,t=2b,r=12$BovmN/w0xx4chzoVN3buBO$2xf8a.osxOwVCsA3UIxJ7GXScNyyBGm","secret":null,"website":null,"affiliation":null,"country":null,"bracket":null,"hidden":0,"banned":0,"created":"2023-03-26T08:29:27.047541","captain_id":255},{"id":58,"oauth_id":null,"name":"Deep Learning Fantasies","email":null,"password":"$bcrypt-sha256$v=2,t=2b,r=12$DzatwbODuvcAmSUTu2ZCNO$uInYt1T6I4HUJd2o3pkCj3uiC4A.Wou","secret":null,"website":null,"affiliation":null,"country":null,"bracket":null,"hidden":0,"banned":0,"created":"2023-03-26T08:42:31.749727","captain_id":295},{"id":59,"oauth_id":null,"name":"\u0411\u0438\u0431\u0430 \u0438 \u0411\u043e\u0431\u0430","email":null,"password":"$bcrypt-sha256$v=2,t=2b,r=12$U3X644mFzkdzFRPeODyU.u$bxDZncoBHyX7tOCx/aNFIGQDvo9L/E2","secret":null,"website":null,"affiliation":null,"country":null,"bracket":null,"hidden":0,"banned":0,"created":"2023-03-26T08:42:59.452563","captain_id":304},{"id":60,"oauth_id":null,"name":"272\u0423\u041a\u0420\u0424","email":null,"password":"$bcrypt-sha256$v=2,t=2b,r=12$Ha1QuhR.UadYnpH4xm3mIO$AcRHHyUYJfY.JD7xi3HFSHBRs6VuEA6","secret":null,"website":null,"affiliation":null,"country":null,"bracket":null,"hidden":0,"banned":0,"created":"2023-03-26T08:43:20.241119","captain_id":328},{"id":65,"oauth_id":null,"name":"vka_62","email":null,"password":"$bcrypt-sha256$v=2,t=2b,r=12$V0MJRcTOLAxnogbomoYP6u$BzffwBlSZS/wZ4PNbRO1mSqgSfVbBJG","secret":null,"website":null,"affiliation":null,"country":null,"bracket":null,"hidden":0,"banned":0,"created":"2023-03-26T09:04:02.853913","captain_id":325}],"meta":{}}