{"count":52,"results":[{"id":1,"user_id":47,"team_id":11,"target":183,"date":"2023-03-26T08:37:42.951349","type":"hints"},{"id":2,"user_id":236,"team_id":46,"target":197,"date":"2023-03-26T08:47:23.549355","type":"hints"},{"id":3,"user_id":182,"team_id":40,"target":194,"date":"2023-03-26T08:55:42.470322","type":"hints"},{"id":6,"user_id":215,"team_id":44,"target":197,"date":"2023-03-26T09:01:36.368507","type":"hints"},{"id":8,"user_id":217,"team_id":44,"target":194,"date":"2023-03-26T09:11:56.137055","type":"hints"},{"id":11,"user_id":38,"team_id":15,"target":194,"date":"2023-03-26T09:27:46.954254","type":"hints"},{"id":14,"user_id":301,"team_id":59,"target":194,"date":"2023-03-26T09:33:42.048830","type":"hints"},{"id":16,"user_id":182,"team_id":40,"target":182,"date":"2023-03-26T09:59:03.252468","type":"hints"},{"id":17,"user_id":47,"team_id":11,"target":181,"date":"2023-03-26T10:16:47.094584","type":"hints"},{"id":19,"user_id":22,"team_id":8,"target":194,"date":"2023-03-26T10:24:41.921483","type":"hints"},{"id":22,"user_id":21,"team_id":11,"target":194,"date":"2023-03-26T10:26:40.038317","type":"hints"},{"id":25,"user_id":22,"team_id":8,"target":197,"date":"2023-03-26T10:40:14.386465","type":"hints"},{"id":27,"user_id":226,"team_id":47,"target":194,"date":"2023-03-26T10:48:37.747626","type":"hints"},{"id":30,"user_id":184,"team_id":37,"target":249,"date":"2023-03-26T11:31:35.053766","type":"hints"},{"id":33,"user_id":102,"team_id":32,"target":249,"date":"2023-03-26T11:31:41.764035","type":"hints"},{"id":36,"user_id":22,"team_id":8,"target":245,"date":"2023-03-26T11:33:45.936486","type":"hints"},{"id":39,"user_id":217,"team_id":44,"target":249,"date":"2023-03-26T11:34:33.252551","type":"hints"},{"id":42,"user_id":309,"team_id":58,"target":277,"date":"2023-03-26T11:37:13.260775","type":"hints"},{"id":45,"user_id":226,"team_id":47,"target":277,"date":"2023-03-26T11:38:11.851523","type":"hints"},{"id":47,"user_id":22,"team_id":8,"target":259,"date":"2023-03-26T11:38:28.251053","type":"hints"},{"id":48,"user_id":96,"team_id":3,"target":301,"date":"2023-03-26T11:41:05.441630","type":"hints"},{"id":51,"user_id":176,"team_id":36,"target":301,"date":"2023-03-26T11:45:23.368738","type":"hints"},{"id":54,"user_id":93,"team_id":20,"target":301,"date":"2023-03-26T11:52:30.160933","type":"hints"},{"id":56,"user_id":240,"team_id":47,"target":299,"date":"2023-03-26T12:04:45.671399","type":"hints"},{"id":57,"user_id":60,"team_id":20,"target":304,"date":"2023-03-26T12:11:33.764264","type":"hints"},{"id":58,"user_id":77,"team_id":25,"target":304,"date":"2023-03-26T12:15:47.678859","type":"hints"},{"id":59,"user_id":121,"team_id":41,"target":301,"date":"2023-03-26T12:22:33.259258","type":"hints"},{"id":62,"user_id":247,"team_id":46,"target":301,"date":"2023-03-26T12:23:33.358466","type":"hints"},{"id":65,"user_id":22,"team_id":8,"target":278,"date":"2023-03-26T12:28:48.536153","type":"hints"},{"id":68,"user_id":22,"team_id":8,"target":281,"date":"2023-03-26T12:28:55.400242","type":"hints"},{"id":71,"user_id":240,"team_id":47,"target":300,"date":"2023-03-26T12:31:46.566721","type":"hints"},{"id":74,"user_id":112,"team_id":32,"target":299,"date":"2023-03-26T12:38:28.455738","type":"hints"},{"id":75,"user_id":22,"team_id":8,"target":299,"date":"2023-03-26T12:41:13.793746","type":"hints"},{"id":77,"user_id":240,"team_id":47,"target":301,"date":"2023-03-26T12:47:37.148975","type":"hints"},{"id":78,"user_id":47,"team_id":11,"target":299,"date":"2023-03-26T12:52:21.358083","type":"hints"},{"id":79,"user_id":318,"team_id":60,"target":301,"date":"2023-03-26T12:59:44.037270","type":"hints"},{"id":81,"user_id":22,"team_id":8,"target":301,"date":"2023-03-26T13:02:25.869179","type":"hints"},{"id":82,"user_id":102,"team_id":32,"target":324,"date":"2023-03-26T13:07:02.049716","type":"hints"},{"id":83,"user_id":17,"team_id":5,"target":296,"date":"2023-03-26T13:12:19.663141","type":"hints"},{"id":85,"user_id":90,"team_id":37,"target":299,"date":"2023-03-26T13:17:09.054227","type":"hints"},{"id":87,"user_id":112,"team_id":32,"target":296,"date":"2023-03-26T13:18:34.461268","type":"hints"},{"id":90,"user_id":22,"team_id":8,"target":296,"date":"2023-03-26T13:23:52.250213","type":"hints"},{"id":93,"user_id":318,"team_id":60,"target":324,"date":"2023-03-26T13:24:16.965538","type":"hints"},{"id":94,"user_id":121,"team_id":41,"target":296,"date":"2023-03-26T13:24:21.349490","type":"hints"},{"id":95,"user_id":11,"team_id":5,"target":301,"date":"2023-03-26T13:29:21.944610","type":"hints"},{"id":98,"user_id":51,"team_id":18,"target":296,"date":"2023-03-26T13:30:18.663454","type":"hints"},{"id":100,"user_id":53,"team_id":18,"target":301,"date":"2023-03-26T13:33:18.756866","type":"hints"},{"id":103,"user_id":56,"team_id":18,"target":299,"date":"2023-03-26T13:35:40.941122","type":"hints"},{"id":106,"user_id":17,"team_id":5,"target":299,"date":"2023-03-26T13:41:49.151386","type":"hints"},{"id":108,"user_id":247,"team_id":46,"target":324,"date":"2023-03-26T13:44:30.361341","type":"hints"},{"id":110,"user_id":3,"team_id":2,"target":334,"date":"2023-03-27T07:39:07.785541","type":"hints"},{"id":111,"user_id":3,"team_id":2,"target":324,"date":"2023-03-27T07:39:28.577980","type":"hints"}],"meta":{}}