{"count":160,"results":[{"id":3,"oauth_id":null,"name":"admin","password":"$bcrypt-sha256$v=2,t=2b,r=12$10Mlx.TNLwawG/WVUcxRe.$6IePk/vx0dRz64slNyeJGuAqggKC1Iu","email":"hakimov_l_n@sc.vsu.ru","type":"admin","secret":null,"website":null,"affiliation":null,"country":null,"bracket":null,"hidden":1,"banned":0,"verified":0,"team_id":2,"created":"2023-03-24T22:59:19.859632"},{"id":5,"oauth_id":null,"name":"andreyImmersion","password":"$bcrypt-sha256$v=2,t=2b,r=12$xy1KUaf6BhKsYAAwrPDdiu$h5zEdjbkZLPEDxFW56M9vWV8Z9gtr.C","email":"popasena2@ya.ru","type":"user","secret":null,"website":null,"affiliation":null,"country":null,"bracket":null,"hidden":0,"banned":0,"verified":0,"team_id":5,"created":"2023-03-26T08:13:25.755969"},{"id":8,"oauth_id":null,"name":"quicklybly","password":"$bcrypt-sha256$v=2,t=2b,r=12$P1wf0n8Cc/jvbwpT8q3FA.$840u7iysqVZrlGTb/R6LMsIzFEuluH6","email":"quickly.tawer@gmail.com","type":"user","secret":null,"website":"https://tinyurl.com/32vh6knn","affiliation":"Giraffa","country":"UA","bracket":null,"hidden":0,"banned":0,"verified":0,"team_id":3,"created":"2023-03-26T08:14:08.039026"},{"id":11,"oauth_id":null,"name":"progerg","password":"$bcrypt-sha256$v=2,t=2b,r=12$G5adryMYd8hTCG0eJMKnY.$NskPcx3r54cG1PtxyAhiCH5Wz6iiT6G","email":"gaggrig25@gmail.com","type":"user","secret":null,"website":null,"affiliation":null,"country":"AM","bracket":null,"hidden":0,"banned":0,"verified":0,"team_id":5,"created":"2023-03-26T08:14:33.857316"},{"id":12,"oauth_id":null,"name":"Daniil_Kretov","password":"$bcrypt-sha256$v=2,t=2b,r=12$3nK5knCXNPSi0p/IJPgndu$kWzuRokwAbOFmWPguG/p9xkPvQrL23u","email":"n.kretova74@gmail.com","type":"user","secret":null,"website":null,"affiliation":null,"country":null,"bracket":null,"hidden":0,"banned":0,"verified":0,"team_id":5,"created":"2023-03-26T08:14:52.652778"},{"id":15,"oauth_id":null,"name":"\u041b\u0438\u0437\u0430","password":"$bcrypt-sha256$v=2,t=2b,r=12$AqjgAZkseFlFOezLP1z1Mu$.cpZ2NYtzydIQFJYjB.dyyLwyQpFeWO","email":"gordonliza4@gmail.com","type":"user","secret":null,"website":null,"affiliation":null,"country":"AM","bracket":null,"hidden":0,"banned":0,"verified":0,"team_id":5,"created":"2023-03-26T08:15:40.062461"},{"id":17,"oauth_id":null,"name":"deffuseyou","password":"$bcrypt-sha256$v=2,t=2b,r=12$pUCm0hIaGQ5QFafC7iY9NO$8M6qBKhZdE6.Q62/n1WWxz8MDdBST2G","email":"kriulindmitry@mail.ru","type":"user","secret":null,"website":null,"affiliation":null,"country":"AM","bracket":null,"hidden":0,"banned":0,"verified":0,"team_id":5,"created":"2023-03-26T08:15:41.362280"},{"id":18,"oauth_id":null,"name":"raiden","password":"$bcrypt-sha256$v=2,t=2b,r=12$/PDTb3rSh.Sk9RG0FX2MEO$8MB.9YtX9J.0Jdv3vF4S1gW278yAgx.","email":"lena_sheina@bk.ru","type":"user","secret":null,"website":null,"affiliation":null,"country":null,"bracket":null,"hidden":0,"banned":0,"verified":0,"team_id":3,"created":"2023-03-26T08:15:43.042557"},{"id":21,"oauth_id":null,"name":"MuchDoge","password":"$bcrypt-sha256$v=2,t=2b,r=12$67VrMtxNWPWDz4ckIIALNu$.z69FM9WmP8Ag2EKBwef5DfEHdOBI3.","email":"rtsocnm@gmail.com","type":"user","secret":null,"website":null,"affiliation":null,"country":null,"bracket":null,"hidden":0,"banned":0,"verified":0,"team_id":11,"created":"2023-03-26T08:16:25.041222"},{"id":22,"oauth_id":null,"name":"\u041f\u043e\u0442\u043e\u043b\u043e\u043a","password":"$bcrypt-sha256$v=2,t=2b,r=12$8CLlk.ijYXbY4NHQZFYCNe$r2IM7ZgKYjJ5lHe3P2IRYv8W5zmoyDu","email":"dim.sova2003@yandex.ru","type":"user","secret":null,"website":null,"affiliation":null,"country":null,"bracket":null,"hidden":0,"banned":0,"verified":0,"team_id":8,"created":"2023-03-26T08:16:34.258539"},{"id":25,"oauth_id":null,"name":"thefaistynt","password":"$bcrypt-sha256$v=2,t=2b,r=12$HOPtBEigHl0oN9H3s0yAFe$oOt9.t4/dXDokzYiRuMaP.ylDWA/qrS","email":"tanaev.andrei@mail.ru","type":"user","secret":null,"website":null,"affiliation":null,"country":null,"bracket":null,"hidden":0,"banned":0,"verified":0,"team_id":15,"created":"2023-03-26T08:16:37.141827"},{"id":26,"oauth_id":null,"name":"qwertyuiopasdfghjklzxcvbnm","password":"$bcrypt-sha256$v=2,t=2b,r=12$hPODIZ7m3JdWyTsGJnFGeu$.kZ1EL5AZDMoAu1l/3nAylHERlKKTAe","email":"ezzfvkoko@gmail.com","type":"user","secret":null,"website":"https://yandex.ru/maps/193/voronezh/probki?win=491","affiliation":"elephant","country":"DJ","bracket":null,"hidden":0,"banned":0,"verified":0,"team_id":3,"created":"2023-03-26T08:16:45.440721"},{"id":29,"oauth_id":null,"name":"Afron7897","password":"$bcrypt-sha256$v=2,t=2b,r=12$RgTqJaK8j3wlUyRcqHomJe$/POZdAyPZzTH//5eDlocaXdwBcNaTeu","email":"vromeyyyo@mail.ru","type":"user","secret":null,"website":null,"affiliation":null,"country":"RU","bracket":null,"hidden":0,"banned":0,"verified":0,"team_id":14,"created":"2023-03-26T08:16:48.761626"},{"id":32,"oauth_id":null,"name":"Pierre_Dioge","password":"$bcrypt-sha256$v=2,t=2b,r=12$DKiRR0xYqDq6v.6ntcrAce$bLAvwDxj9.2akKN0Rm5v9C0YxF.PB2e","email":"voronezhskiy.nikita@mail.ru","type":"user","secret":null,"website":null,"affiliation":null,"country":null,"bracket":null,"hidden":0,"banned":0,"verified":0,"team_id":15,"created":"2023-03-26T08:16:53.848537"},{"id":33,"oauth_id":null,"name":"Chuma","password":"$bcrypt-sha256$v=2,t=2b,r=12$rigRuj6reomxvRC1iJGYK.$4wkbSTB.4p6.q3f3Pqku2XGDQfeW.si","email":"toni.4uma4enko@mail.ru","type":"user","secret":null,"website":null,"affiliation":null,"country":null,"bracket":null,"hidden":0,"banned":0,"verified":0,"team_id":15,"created":"2023-03-26T08:17:00.844245"},{"id":36,"oauth_id":null,"name":"k8lobova","password":"$bcrypt-sha256$v=2,t=2b,r=12$nYTG.TEPMgtRXZ6K1FP2r.$5Q6pE9ouKUf1bKQXIwZkaHzAZS0S1/m","email":"llkk20030808@gmail.com","type":"user","secret":null,"website":null,"affiliation":null,"country":null,"bracket":null,"hidden":0,"banned":0,"verified":0,"team_id":3,"created":"2023-03-26T08:17:03.238831"},{"id":38,"oauth_id":null,"name":"Sova","password":"$bcrypt-sha256$v=2,t=2b,r=12$lhmUQTwgUC02STVrdD3UNe$MtBI.hM2x68cSNItaJK5/BQKk34a79.","email":"sova@gorodilina.ru","type":"user","secret":null,"website":null,"affiliation":null,"country":null,"bracket":null,"hidden":0,"banned":0,"verified":0,"team_id":15,"created":"2023-03-26T08:17:18.066905"},{"id":41,"oauth_id":null,"name":"Harmony","password":"$bcrypt-sha256$v=2,t=2b,r=12$WRn2Jbri/gpO2nV49SBjs.$eC3/rXx80rzfuJxT6v.dHggmU4AoJwK","email":"hisann@yandex.ru","type":"user","secret":null,"website":null,"affiliation":null,"country":"RS","bracket":null,"hidden":0,"banned":0,"verified":0,"team_id":18,"created":"2023-03-26T08:17:35.158605"},{"id":44,"oauth_id":null,"name":"pavel putin","password":"$bcrypt-sha256$v=2,t=2b,r=12$15261vMRQVDLDPAGSnI8fe$EKGEd2mws.OVMIgOQwfTSheNcWOqAGG","email":"pavelputin03@gmail.com","type":"user","secret":null,"website":null,"affiliation":null,"country":null,"bracket":null,"hidden":0,"banned":0,"verified":0,"team_id":3,"created":"2023-03-26T08:17:42.445116"},{"id":45,"oauth_id":null,"name":"Kapuchinka","password":"$bcrypt-sha256$v=2,t=2b,r=12$O.xf0M7vJnCgHdHENv2uhu$G.HyDOvmup/UUE.y2AlzcgFeVUFqcHW","email":"volchenko.coffee@gmail.com","type":"user","secret":null,"website":null,"affiliation":null,"country":"RS","bracket":null,"hidden":0,"banned":0,"verified":0,"team_id":18,"created":"2023-03-26T08:17:43.657935"},{"id":47,"oauth_id":null,"name":"papla","password":"$bcrypt-sha256$v=2,t=2b,r=12$tgN9x3EwNHnLxLqFn2wM5u$wFYyEt.IHBCbujPNgmbEnhwTt5oh/Du","email":"papla2016@yandex.ru","type":"user","secret":null,"website":null,"affiliation":null,"country":null,"bracket":null,"hidden":0,"banned":0,"verified":0,"team_id":11,"created":"2023-03-26T08:17:49.658488"},{"id":48,"oauth_id":null,"name":"DIMOK-COMPILYATOR","password":"$bcrypt-sha256$v=2,t=2b,r=12$xdIunDIJDG3HtvknADaxIu$vMABh/Q7xotY.Ret0fS0O9mCSmYxfuy","email":"dimon.56402014@yandex.ru","type":"user","secret":null,"website":null,"affiliation":null,"country":null,"bracket":null,"hidden":0,"banned":0,"verified":0,"team_id":18,"created":"2023-03-26T08:17:51.263160"},{"id":50,"oauth_id":null,"name":"Ichinichi","password":"$bcrypt-sha256$v=2,t=2b,r=12$iIsPDrBjrJKC0TIOCtpAR.$O4ne.ocvDkjKXVr7whMyi9dJ/HF8wgu","email":"pechenkinpavelv@yandex.ru","type":"user","secret":null,"website":null,"affiliation":"\u0412\u0413\u0423","country":"RU","bracket":null,"hidden":0,"banned":0,"verified":0,"team_id":20,"created":"2023-03-26T08:18:15.961848"},{"id":51,"oauth_id":null,"name":"Dany0k","password":"$bcrypt-sha256$v=2,t=2b,r=12$DZ0hFUXybI9lTfdXRjFMj.$l4eMqyUQT4giRv.7V7Q6WIZ/.I0e2xm","email":"zmaev.vsu@gmail.com","type":"user","secret":null,"website":null,"affiliation":null,"country":null,"bracket":null,"hidden":0,"banned":0,"verified":0,"team_id":18,"created":"2023-03-26T08:18:23.141108"},{"id":53,"oauth_id":null,"name":"TouristTokyo","password":"$bcrypt-sha256$v=2,t=2b,r=12$XukPcEgPdoE67AwAYbLgau$msevLEjojOGB7IRSv/Y3.cfIGCp44lS","email":"fiz-mat228@yandex.ru","type":"user","secret":null,"website":null,"affiliation":null,"country":"JP","bracket":null,"hidden":0,"banned":0,"verified":0,"team_id":18,"created":"2023-03-26T08:18:25.958589"},{"id":56,"oauth_id":null,"name":"Kep","password":"$bcrypt-sha256$v=2,t=2b,r=12$4IDQP3NkonrwfH7gaq0SK.$7XhAtbUZlYW9HbouNIGZRofE8TJvoey","email":"artem.polev.02@mail.ru","type":"user","secret":null,"website":null,"affiliation":null,"country":null,"bracket":null,"hidden":0,"banned":0,"verified":0,"team_id":18,"created":"2023-03-26T08:18:27.153239"},{"id":58,"oauth_id":null,"name":"sfg","password":"$bcrypt-sha256$v=2,t=2b,r=12$xvk26QIHUZI6om6aWhvyl.$okchTu4.e0EoyTnL3aMJnu0BkTgRXE2","email":"miha4641@gmail.com","type":"user","secret":null,"website":null,"affiliation":null,"country":null,"bracket":null,"hidden":0,"banned":0,"verified":0,"team_id":3,"created":"2023-03-26T08:18:37.657396"},{"id":59,"oauth_id":null,"name":"curoviyxru","password":"$bcrypt-sha256$v=2,t=2b,r=12$cE16vyAhr8eFmKB0zD6E2e$c6C5v5K0tkPZUb/86Qe0JGFz2Vj3dn6","email":"me@crx.moe","type":"user","secret":null,"website":null,"affiliation":null,"country":null,"bracket":null,"hidden":0,"banned":0,"verified":0,"team_id":28,"created":"2023-03-26T08:18:46.838073"},{"id":60,"oauth_id":null,"name":"egor4444ik","password":"$bcrypt-sha256$v=2,t=2b,r=12$/JI8ILI1rmNJSlGr8NwfA.$gCx0taA0..AGfUTHARf6p4ph1DnSNCi","email":"egorchik.rog@yandex.ru","type":"user","secret":null,"website":null,"affiliation":null,"country":null,"bracket":null,"hidden":0,"banned":0,"verified":0,"team_id":20,"created":"2023-03-26T08:18:57.658681"},{"id":63,"oauth_id":null,"name":"Haku","password":"$bcrypt-sha256$v=2,t=2b,r=12$PJAtxoSuu5yD98eEctOqr.$eot8vkyE3wmLVidZm2CR/kax0CHmO6q","email":"polina231003@mail.ru","type":"user","secret":null,"website":null,"affiliation":null,"country":null,"bracket":null,"hidden":0,"banned":0,"verified":0,"team_id":20,"created":"2023-03-26T08:19:03.455088"},{"id":64,"oauth_id":null,"name":"Danila","password":"$bcrypt-sha256$v=2,t=2b,r=12$XzoA46DIC.uTEikwMD2ST.$iX.n3W.kb8HXQgeX.oI3awhIee7C0VC","email":"danilla.poluecktov@mail.ru","type":"user","secret":null,"website":null,"affiliation":null,"country":null,"bracket":null,"hidden":0,"banned":0,"verified":0,"team_id":20,"created":"2023-03-26T08:19:04.848944"},{"id":67,"oauth_id":null,"name":"glebka346","password":"$bcrypt-sha256$v=2,t=2b,r=12$Lx0JZiuTTQbiiTkv2/UOx.$ul0xQeZYwN0tuTH1IgcNvEa6eOufUCC","email":"glebka-kotlyarov@mail.ru","type":"user","secret":null,"website":null,"affiliation":null,"country":null,"bracket":null,"hidden":0,"banned":0,"verified":0,"team_id":25,"created":"2023-03-26T08:19:06.348712"},{"id":70,"oauth_id":null,"name":"Konstantin","password":"$bcrypt-sha256$v=2,t=2b,r=12$12GaRAe1/mr.W0Axav/Wpe$b9LzLjcCDjtXF6e/6HXcIXBAoB1RP12","email":"tornadov.costya@yandex.ru","type":"user","secret":null,"website":null,"affiliation":null,"country":null,"bracket":null,"hidden":0,"banned":0,"verified":0,"team_id":20,"created":"2023-03-26T08:19:17.659459"},{"id":71,"oauth_id":null,"name":"\u0436\u0438\u0440\u043e","password":"$bcrypt-sha256$v=2,t=2b,r=12$o.Zm7GPLGxk3I3O8dQQQ1.$BNmzDaAgZxRnDgtdGAEdhR26TYx/huG","email":"nety@bk.ru","type":"user","secret":null,"website":null,"affiliation":null,"country":null,"bracket":null,"hidden":0,"banned":0,"verified":0,"team_id":41,"created":"2023-03-26T08:19:20.459187"},{"id":74,"oauth_id":null,"name":"guhen756","password":"$bcrypt-sha256$v=2,t=2b,r=12$KoaIKOxN8WBH.xGOmRiPMe$xG55io5tPFvLX3wUhBQkoPICA/VsEUq","email":"generic5288@gmail.com","type":"user","secret":null,"website":null,"affiliation":null,"country":null,"bracket":null,"hidden":0,"banned":0,"verified":0,"team_id":31,"created":"2023-03-26T08:19:25.741614"},{"id":77,"oauth_id":null,"name":"Perchik","password":"$bcrypt-sha256$v=2,t=2b,r=12$XwamfUEZ3pNs9j6BFdUMM.$SxTAMBmtn9O72FSmmKx.bRbCMtTdX9i","email":"elia.peshkova@yandex.ru","type":"user","secret":null,"website":null,"affiliation":null,"country":null,"bracket":null,"hidden":0,"banned":0,"verified":0,"team_id":25,"created":"2023-03-26T08:19:27.644644"},{"id":79,"oauth_id":null,"name":"TWTZ","password":"$bcrypt-sha256$v=2,t=2b,r=12$kXzx3.NXKO0u3ffyTfhjgO$gcjC.I1q4Hp2UfXgmck6MVCtxA14zXK","email":"wildhare2020@yandex.ru","type":"user","secret":null,"website":null,"affiliation":null,"country":null,"bracket":null,"hidden":0,"banned":0,"verified":0,"team_id":25,"created":"2023-03-26T08:19:31.636349"},{"id":82,"oauth_id":null,"name":"Morning","password":"$bcrypt-sha256$v=2,t=2b,r=12$U2mnPLZ7JqZwVkYW8WSwa.$3Oldp8.BNLKGpjn5i.dd5SCk6YY6Tl.","email":"artyom.king.03@gmail.com","type":"user","secret":null,"website":null,"affiliation":null,"country":null,"bracket":null,"hidden":0,"banned":0,"verified":0,"team_id":41,"created":"2023-03-26T08:19:37.666050"},{"id":83,"oauth_id":null,"name":"Nexnon","password":"$bcrypt-sha256$v=2,t=2b,r=12$JthnCR/buO8Tv7DAIajVjO$.VhQtlLobnEVhceSV7qfo/awRli9lsi","email":"ilyashirkvn@gmail.com","type":"user","secret":null,"website":null,"affiliation":null,"country":null,"bracket":null,"hidden":0,"banned":0,"verified":0,"team_id":15,"created":"2023-03-26T08:19:40.866288"},{"id":84,"oauth_id":null,"name":"IlyaM","password":"$bcrypt-sha256$v=2,t=2b,r=12$yjmdws/25p9/HDzoheFxNO$pdoSVQyP2msfU/Q6fbsC6yjlzLuIjD2","email":"imoldavskiy@yandex.ru","type":"user","secret":null,"website":null,"affiliation":null,"country":null,"bracket":null,"hidden":0,"banned":0,"verified":0,"team_id":18,"created":"2023-03-26T08:19:39.849951"},{"id":87,"oauth_id":null,"name":"Roboskeletron","password":"$bcrypt-sha256$v=2,t=2b,r=12$8LoeWMpaY4/KZPD.TVJfNe$.NTRDzzc87d2rLskb1a0qIsndsIvmBK","email":"wwwrt287@gmail.com","type":"user","secret":null,"website":null,"affiliation":null,"country":null,"bracket":null,"hidden":0,"banned":0,"verified":0,"team_id":28,"created":"2023-03-26T08:19:46.737206"},{"id":90,"oauth_id":null,"name":"Mitty240","password":"$bcrypt-sha256$v=2,t=2b,r=12$NWD/TDXJWLh7/LOAiXOiF.$PqTgvqI4o0fFnbr3091rBqywB3JEVGm","email":"vladimirostapenkost@gmail.com","type":"user","secret":null,"website":null,"affiliation":null,"country":null,"bracket":null,"hidden":0,"banned":0,"verified":0,"team_id":37,"created":"2023-03-26T08:19:48.254235"},{"id":92,"oauth_id":null,"name":"Deemanquist","password":"$bcrypt-sha256$v=2,t=2b,r=12$Oh0G.TcBfqcR7zhFXYk7he$iKHMxIGtFttcqKPT01SkwRC8KvACMJm","email":"queans6@gmail.com","type":"user","secret":null,"website":null,"affiliation":null,"country":null,"bracket":null,"hidden":0,"banned":0,"verified":0,"team_id":22,"created":"2023-03-26T08:19:51.661682"},{"id":93,"oauth_id":null,"name":"lezko","password":"$bcrypt-sha256$v=2,t=2b,r=12$cRvqPB7GRohU4SimyurZte$V7v5ILxKBplxHEoFI16zv7EIdmEJHwW","email":"ulezko.2015@mail.ru","type":"user","secret":null,"website":null,"affiliation":null,"country":null,"bracket":null,"hidden":0,"banned":0,"verified":0,"team_id":20,"created":"2023-03-26T08:19:57.560953"},{"id":96,"oauth_id":null,"name":"Felix","password":"$bcrypt-sha256$v=2,t=2b,r=12$G7kG4B.g5RPYZFIIPTCkNu$ZV5v6oR4Hj8GDlpAA9KWJVEdwIBQn8u","email":"vip.zatebe@mail.ru","type":"user","secret":null,"website":null,"affiliation":null,"country":null,"bracket":null,"hidden":0,"banned":0,"verified":0,"team_id":3,"created":"2023-03-26T08:20:03.163492"},{"id":97,"oauth_id":null,"name":"Ryan Gosling","password":"$bcrypt-sha256$v=2,t=2b,r=12$qmpBhDwxCcrVOtozZH5PgO$IdC2QR0tcVPpfjxqoe5J0rM02XNlzz2","email":"mihaking109@gmail.com","type":"user","secret":null,"website":null,"affiliation":null,"country":null,"bracket":null,"hidden":0,"banned":0,"verified":0,"team_id":41,"created":"2023-03-26T08:20:14.659055"},{"id":100,"oauth_id":null,"name":"IamDimon","password":"$bcrypt-sha256$v=2,t=2b,r=12$UpHXuo9YTtMHk5aJb9arI.$YMFbl1XYSX6yTzSH9T4TP17tmXGPcJm","email":"iamdimonis@gmail.com","type":"user","secret":null,"website":null,"affiliation":null,"country":null,"bracket":null,"hidden":0,"banned":0,"verified":0,"team_id":20,"created":"2023-03-26T08:20:15.857808"},{"id":102,"oauth_id":null,"name":"G4st3R","password":"$bcrypt-sha256$v=2,t=2b,r=12$yNQTjfRhPG0.aSxva4J26O$jbuQYGbIs1bGgs41Ya.FeiiZzw8MXz.","email":"aporyadin003@gmail.com","type":"user","secret":null,"website":null,"affiliation":null,"country":"GE","bracket":null,"hidden":0,"banned":0,"verified":0,"team_id":32,"created":"2023-03-26T08:20:32.937711"},{"id":104,"oauth_id":null,"name":"MaKs0n41K","password":"$bcrypt-sha256$v=2,t=2b,r=12$fSjNFVQmiwZEutb/XjhALu$wheFsRUE/SpaOVR1IxlfKGZmp1/XgUW","email":"maks.nezhelskiy@bk.ru","type":"user","secret":null,"website":null,"affiliation":null,"country":null,"bracket":null,"hidden":0,"banned":0,"verified":0,"team_id":31,"created":"2023-03-26T08:20:34.244967"},{"id":107,"oauth_id":null,"name":"mrkuloff","password":"$bcrypt-sha256$v=2,t=2b,r=12$nttC4IitVpr/KaombjGSNO$6mHeWIvyVv5BRRlGUsnhqvLo7XSjG7C","email":"ae-m7@mail.ru","type":"user","secret":null,"website":null,"affiliation":null,"country":null,"bracket":null,"hidden":0,"banned":0,"verified":0,"team_id":32,"created":"2023-03-26T08:20:48.567070"},{"id":109,"oauth_id":null,"name":"Danko","password":"$bcrypt-sha256$v=2,t=2b,r=12$BotYuENgz5g0An3VAa3Vcu$aYo8w.K0l2gkbkJndcza/61ZvyJOou2","email":"kalashnikovdaniil57@gmail.com","type":"user","secret":null,"website":null,"affiliation":null,"country":null,"bracket":null,"hidden":0,"banned":0,"verified":0,"team_id":41,"created":"2023-03-26T08:20:55.541106"},{"id":112,"oauth_id":null,"name":"Deskrejet","password":"$bcrypt-sha256$v=2,t=2b,r=12$wo2Y.xJVRiB3fJfX1QS/OO$3mmG/.wCt9SkLiadcCimQok2RqUu/1.","email":"rmitrakov@gmail.com","type":"user","secret":null,"website":null,"affiliation":null,"country":null,"bracket":null,"hidden":0,"banned":0,"verified":0,"team_id":32,"created":"2023-03-26T08:20:56.936827"},{"id":115,"oauth_id":null,"name":"vlad_white","password":"$bcrypt-sha256$v=2,t=2b,r=12$GBzEylGzhkBskXQjocwZ5u$KfRlp3syY8OPM2cQq.nGumYNJkyUuCi","email":"vlad153235@gmail.com","type":"user","secret":null,"website":null,"affiliation":null,"country":null,"bracket":null,"hidden":0,"banned":0,"verified":0,"team_id":32,"created":"2023-03-26T08:20:59.447767"},{"id":117,"oauth_id":null,"name":"danilo4ka","password":"$bcrypt-sha256$v=2,t=2b,r=12$2DImCPkky2nLmGe4HtixkO$BmtoN7Jr4iz0cylHlgwyr1X.Lf54pNa","email":"poddubnov14042003@gmail.com","type":"user","secret":null,"website":null,"affiliation":null,"country":null,"bracket":null,"hidden":0,"banned":0,"verified":0,"team_id":31,"created":"2023-03-26T08:21:00.536406"},{"id":119,"oauth_id":null,"name":"arut","password":"$bcrypt-sha256$v=2,t=2b,r=12$Fu2qby/m3FCs7Grt7qLjre$zH2VNiJylbeWGjTHQT11rYoD5F96you","email":"buchnev2003.03@mail.ru","type":"user","secret":null,"website":null,"affiliation":null,"country":null,"bracket":null,"hidden":0,"banned":0,"verified":0,"team_id":41,"created":"2023-03-26T08:21:10.561698"},{"id":121,"oauth_id":null,"name":"mhar","password":"$bcrypt-sha256$v=2,t=2b,r=12$euAdrBSXAt.i/C9IGsJ0ru$yvDOMacChWGsjor2PcDAbZfep4coPXq","email":"aleksandr.sazonow03@gmail.com","type":"user","secret":null,"website":null,"affiliation":null,"country":null,"bracket":null,"hidden":0,"banned":0,"verified":0,"team_id":41,"created":"2023-03-26T08:21:13.653596"},{"id":123,"oauth_id":null,"name":"NIkto","password":"$bcrypt-sha256$v=2,t=2b,r=12$qNBuq4dNmDuq2i2OSNhDRu$k21200/BaMw/chSCAIWcueyoBQW/kXm","email":"nilita.bakulin.2001@mail.ru","type":"user","secret":null,"website":null,"affiliation":null,"country":null,"bracket":null,"hidden":0,"banned":0,"verified":0,"team_id":34,"created":"2023-03-26T08:21:14.958949"},{"id":124,"oauth_id":null,"name":"S1ded","password":"$bcrypt-sha256$v=2,t=2b,r=12$3xXS45i8TM3MJMvu.2QZWO$119OHLIaylxJmeOL3UcsEf9BZr.jfNW","email":"redinnikita47@gmail.com","type":"user","secret":null,"website":null,"affiliation":null,"country":null,"bracket":null,"hidden":0,"banned":0,"verified":0,"team_id":11,"created":"2023-03-26T08:21:18.536822"},{"id":127,"oauth_id":null,"name":"Ivan","password":"$bcrypt-sha256$v=2,t=2b,r=12$LYpeZg6ur/KZC3eNOxQSge$fmUhWBltjIWvRi9uRkk22hHeEasBAPK","email":"matsokin03@gmail.com","type":"user","secret":null,"website":null,"affiliation":null,"country":null,"bracket":null,"hidden":0,"banned":0,"verified":0,"team_id":25,"created":"2023-03-26T08:21:22.152747"},{"id":130,"oauth_id":null,"name":"Sabik","password":"$bcrypt-sha256$v=2,t=2b,r=12$MwkeY.hSPWz61D0ZxVjcfe$os/svDdRFPaBZ53etnCrkgu7YPK6V2i","email":"mr.sabik016@gmail.com","type":"user","secret":null,"website":null,"affiliation":null,"country":null,"bracket":null,"hidden":0,"banned":0,"verified":0,"team_id":14,"created":"2023-03-26T08:21:28.739625"},{"id":131,"oauth_id":null,"name":"CuberDED","password":"$bcrypt-sha256$v=2,t=2b,r=12$kUAx.E.sf2I.8rla2jAX4u$LrfeV5BnhpR/JMewOFbOoUwIavMNKqS","email":"lol2000123640@mail.ru","type":"user","secret":null,"website":null,"affiliation":null,"country":null,"bracket":null,"hidden":0,"banned":0,"verified":0,"team_id":14,"created":"2023-03-26T08:21:38.536258"},{"id":132,"oauth_id":null,"name":"Daraev","password":"$bcrypt-sha256$v=2,t=2b,r=12$vUWM/fMD6VO7L79Jd3NgXe$sd7BUHoS1afNT61B5yJ722q.Xu7HSPe","email":"stas.daraev@mail.ru","type":"user","secret":null,"website":null,"affiliation":null,"country":null,"bracket":null,"hidden":0,"banned":0,"verified":0,"team_id":34,"created":"2023-03-26T08:21:55.144287"},{"id":135,"oauth_id":null,"name":"AlexEreh","password":"$bcrypt-sha256$v=2,t=2b,r=12$l/wcmun.EzvXRY6dFgCfv.$C4Q8rHVnQRJjoiWXGygNSJveHxWM7Ku","email":"xcode111@mail.ru","type":"user","secret":null,"website":null,"affiliation":null,"country":null,"bracket":null,"hidden":0,"banned":0,"verified":0,"team_id":39,"created":"2023-03-26T08:21:56.857988"},{"id":137,"oauth_id":null,"name":"Kudziev","password":"$bcrypt-sha256$v=2,t=2b,r=12$iklGqEq4BU8NWV6K5APrGu$AA/gVomB6OjIKo9FUlJf9749DbgMBN.","email":"rkudziev98@mail.ru","type":"user","secret":null,"website":null,"affiliation":null,"country":null,"bracket":null,"hidden":0,"banned":0,"verified":0,"team_id":34,"created":"2023-03-26T08:22:02.138183"},{"id":140,"oauth_id":null,"name":"NikX","password":"$bcrypt-sha256$v=2,t=2b,r=12$ADyt02auX/BGmyJVRWvMbu$538ZvOQW5bzc7NHCIDs1xELWWsgkhvG","email":"nikxxxn@gmail.com","type":"user","secret":null,"website":null,"affiliation":null,"country":null,"bracket":null,"hidden":0,"banned":0,"verified":0,"team_id":39,"created":"2023-03-26T08:22:03.158448"},{"id":142,"oauth_id":null,"name":"Wasilewski","password":"$bcrypt-sha256$v=2,t=2b,r=12$0RuDpxb1BZTSmAKa28gSXO$Jkg3VgLYv.wHnM.K.acWttBiCeN5VDO","email":"trollivanovich6860@gmail.com","type":"user","secret":null,"website":null,"affiliation":null,"country":"RU","bracket":null,"hidden":0,"banned":0,"verified":0,"team_id":32,"created":"2023-03-26T08:22:06.050616"},{"id":144,"oauth_id":null,"name":"Kovalev","password":"$bcrypt-sha256$v=2,t=2b,r=12$//BCv6Dbmfv4hYWjCFNIu.$6vPlDPTqIbr8JRAHAthdTZvmbs5L0uK","email":"kirill150900@mail.ru","type":"user","secret":null,"website":null,"affiliation":null,"country":null,"bracket":null,"hidden":0,"banned":0,"verified":0,"team_id":34,"created":"2023-03-26T08:22:07.141565"},{"id":147,"oauth_id":null,"name":"chalex2k","password":"$bcrypt-sha256$v=2,t=2b,r=12$/zOj9ux9Y0MhmvC.drimjO$Dqa5dx/rd6EwvFoUd5b8RmFrjEVWvlO","email":"chalex2k@yandex.ru","type":"user","secret":null,"website":null,"affiliation":null,"country":"RU","bracket":null,"hidden":0,"banned":0,"verified":0,"team_id":32,"created":"2023-03-26T08:22:09.144062"},{"id":150,"oauth_id":null,"name":"Mahoney","password":"$bcrypt-sha256$v=2,t=2b,r=12$zpwvv4cGBHBRGeyoBILQPO$nrqke4wd6OlrQF.onDYxv8xALeB/FUO","email":"careymahoney0003@gmail.com","type":"user","secret":null,"website":null,"affiliation":null,"country":null,"bracket":null,"hidden":0,"banned":0,"verified":0,"team_id":31,"created":"2023-03-26T08:22:11.556985"},{"id":152,"oauth_id":null,"name":"Akhineya","password":"$bcrypt-sha256$v=2,t=2b,r=12$OR7pckanosUkg5JdwXXJgu$3xD65CKomEBNcWhEPoo0KAkBvpmOFvm","email":"kostyazolotukhin2004@mail.ru","type":"user","secret":null,"website":null,"affiliation":null,"country":null,"bracket":null,"hidden":0,"banned":0,"verified":0,"team_id":39,"created":"2023-03-26T08:22:14.939600"},{"id":154,"oauth_id":null,"name":"meoow","password":"$bcrypt-sha256$v=2,t=2b,r=12$D6z1FxJ2c6jDsrwNpH06i.$.byuZY7B9hNhKoNJXp5WxzjBYdkbFpi","email":"polina.maltseva.00@mail.ru","type":"user","secret":null,"website":null,"affiliation":null,"country":null,"bracket":null,"hidden":0,"banned":0,"verified":0,"team_id":14,"created":"2023-03-26T08:22:24.547959"},{"id":156,"oauth_id":null,"name":"d1emmer","password":"$bcrypt-sha256$v=2,t=2b,r=12$h0DUvljDsBYjYudN1IsRP.$xOpSEjpwyPfzCWGQSCtzryWkDtfvIuK","email":"daniil.popov021@gmail.com","type":"user","secret":null,"website":null,"affiliation":null,"country":null,"bracket":null,"hidden":0,"banned":0,"verified":0,"team_id":34,"created":"2023-03-26T08:22:35.342646"},{"id":158,"oauth_id":null,"name":"Katusha","password":"$bcrypt-sha256$v=2,t=2b,r=12$D5dzFdyro6BuVljrNFLXMe$Q/rFnCmszra2lUhsOgZpzS/d/0zqUGC","email":"ekateina04@yandex.ru","type":"user","secret":null,"website":null,"affiliation":null,"country":null,"bracket":null,"hidden":0,"banned":0,"verified":0,"team_id":25,"created":"2023-03-26T08:22:43.947689"},{"id":159,"oauth_id":null,"name":"ITsasiska","password":"$bcrypt-sha256$v=2,t=2b,r=12$FULaforCOyF8XQJ.4fOsy.$KOr7SXcs.mDdZpj9zmaMuRjH6gcivGW","email":"chislov.vitaliy@mail.ru","type":"user","secret":null,"website":null,"affiliation":null,"country":null,"bracket":null,"hidden":0,"banned":0,"verified":0,"team_id":14,"created":"2023-03-26T08:22:49.048762"},{"id":162,"oauth_id":null,"name":"\u041d\u0443\u0440\u0436\u0430\u043d\u044b\u0447","password":"$bcrypt-sha256$v=2,t=2b,r=12$qE.spregomx2jNfzQV398.$FEqzdLpa1O8b1H7A2Kyeh1IJHhxTAxu","email":"il.dzhamekov2k17@mail.ru","type":"user","secret":null,"website":null,"affiliation":null,"country":null,"bracket":null,"hidden":0,"banned":0,"verified":0,"team_id":40,"created":"2023-03-26T08:22:50.137000"},{"id":165,"oauth_id":null,"name":"Bebra-IT","password":"$bcrypt-sha256$v=2,t=2b,r=12$T3H.YzoYpUS7FFQ8724K1e$7J/TNtYOaXhAr4SmBDQEiekUV2BzvEu","email":"kosenko_a_m@sc.vsu.ru","type":"user","secret":null,"website":null,"affiliation":null,"country":null,"bracket":null,"hidden":0,"banned":0,"verified":0,"team_id":36,"created":"2023-03-26T08:22:51.143450"},{"id":168,"oauth_id":null,"name":"\u0427\u0443\u043c\u0430\u0437\u044b\u0439","password":"$bcrypt-sha256$v=2,t=2b,r=12$FLYj/0mXfpR6I6yUU4LXIO$/Lqn3i8g4Ogi6anNmGqxbV35EUV6nE6","email":"vladislavlavrenko45@gmail.com","type":"user","secret":null,"website":null,"affiliation":null,"country":"AQ","bracket":null,"hidden":0,"banned":0,"verified":0,"team_id":15,"created":"2023-03-26T08:22:52.957610"},{"id":171,"oauth_id":null,"name":"Julia_Bikt","password":"$bcrypt-sha256$v=2,t=2b,r=12$q36bFNj1ESbg9xnbDx4zce$J33giWJMZukDJUv0Ny4e.oeIwqcnnbe","email":"fanatka_mult@mail.ru","type":"user","secret":null,"website":null,"affiliation":null,"country":null,"bracket":null,"hidden":0,"banned":0,"verified":0,"team_id":34,"created":"2023-03-26T08:22:55.449008"},{"id":172,"oauth_id":null,"name":"oAsis-88","password":"$bcrypt-sha256$v=2,t=2b,r=12$cEaZUs.eoMCzhttbLmn6W.$CrxkAlOrfcz8pfJs3xHnrkz6XWj.Lnu","email":"ya.ir9@ya.ru","type":"user","secret":null,"website":null,"affiliation":null,"country":null,"bracket":null,"hidden":0,"banned":0,"verified":0,"team_id":37,"created":"2023-03-26T08:22:57.763191"},{"id":173,"oauth_id":null,"name":"deni1000","password":"$bcrypt-sha256$v=2,t=2b,r=12$Ia854KbiUdPz/8DfpExxKe$AlVR4eBzwwbuLMyD6A.sBnncKFZdQZ2","email":"deni.1000@ya.ru","type":"user","secret":null,"website":null,"affiliation":null,"country":null,"bracket":null,"hidden":0,"banned":0,"verified":0,"team_id":32,"created":"2023-03-26T08:23:01.865253"},{"id":176,"oauth_id":null,"name":"RomanPepper","password":"$bcrypt-sha256$v=2,t=2b,r=12$6n39/2vdDxhjDsqSd3UKKe$TEOIzDN1POQAi/6CqJpTcUGzAYYzAYq","email":"wupsen1703@mail.ru","type":"user","secret":null,"website":null,"affiliation":null,"country":null,"bracket":null,"hidden":0,"banned":0,"verified":0,"team_id":36,"created":"2023-03-26T08:23:03.536121"},{"id":179,"oauth_id":null,"name":"asdf","password":"$bcrypt-sha256$v=2,t=2b,r=12$fJ6WUZwSd2kQCfGjuASO/.$EDByawLWhCX6tb745zfZh4Ojx8wJgNa","email":"gitintigr@gmail.com","type":"user","secret":null,"website":null,"affiliation":null,"country":null,"bracket":null,"hidden":0,"banned":0,"verified":0,"team_id":25,"created":"2023-03-26T08:23:06.962235"},{"id":180,"oauth_id":null,"name":"Damnning","password":"$bcrypt-sha256$v=2,t=2b,r=12$5oOXKDauldNQ924m8M8p1O$7G38ewvMsQl5eAY/wbap.LfyjOAMl9K","email":"danning64@gmail.com","type":"user","secret":null,"website":null,"affiliation":null,"country":null,"bracket":null,"hidden":0,"banned":0,"verified":0,"team_id":36,"created":"2023-03-26T08:23:29.361787"},{"id":181,"oauth_id":null,"name":"sav0l","password":"$bcrypt-sha256$v=2,t=2b,r=12$Rnmfv1FL7/F.rVMsThbGbO$HzzDjyNU8fhh10GWTJ/8iPDRQ2zXMl6","email":"sitnikovaiq@yandex.ru","type":"user","secret":null,"website":null,"affiliation":null,"country":null,"bracket":null,"hidden":0,"banned":0,"verified":0,"team_id":22,"created":"2023-03-26T08:23:36.744842"},{"id":182,"oauth_id":null,"name":"PAIN_GODES","password":"$bcrypt-sha256$v=2,t=2b,r=12$7TWr9X9A2vEjum.IgRTpyu$JdstVkhi1lzb7jNLyFOZM2cviu8psv2","email":"nikitakot260@gmail.com","type":"user","secret":null,"website":null,"affiliation":null,"country":null,"bracket":null,"hidden":0,"banned":0,"verified":0,"team_id":40,"created":"2023-03-26T08:23:55.642894"},{"id":184,"oauth_id":null,"name":"Limon4ik","password":"$bcrypt-sha256$v=2,t=2b,r=12$aob7tj.EYbSvN1t.5FKpqe$gcuSAkN0lq4G5dYsY1PYvilbiXhHr42","email":"dima.shishlov89@mail.ru","type":"user","secret":null,"website":null,"affiliation":null,"country":null,"bracket":null,"hidden":0,"banned":0,"verified":0,"team_id":37,"created":"2023-03-26T08:23:57.358584"},{"id":187,"oauth_id":null,"name":"Alex","password":"$bcrypt-sha256$v=2,t=2b,r=12$grGszL6QXI8dVGJ2VzSHc.$3dzGKQ3K1QvIX.N/6jl9xIr7t1L3IAO","email":"sasha2048s@gmail.com","type":"user","secret":null,"website":null,"affiliation":null,"country":null,"bracket":null,"hidden":0,"banned":0,"verified":0,"team_id":22,"created":"2023-03-26T08:24:00.256573"},{"id":190,"oauth_id":null,"name":"DGR","password":"$bcrypt-sha256$v=2,t=2b,r=12$YYmd2Mn/5z8CxC85Oxz6Fu$8X9V6O/je2WRPbPeh5yK/i35uPc0JzO","email":"bydamirproduction@gmail.com","type":"user","secret":null,"website":null,"affiliation":null,"country":null,"bracket":null,"hidden":0,"banned":0,"verified":0,"team_id":40,"created":"2023-03-26T08:24:01.364819"},{"id":193,"oauth_id":null,"name":"HeReren","password":"$bcrypt-sha256$v=2,t=2b,r=12$1odoi6CxB3XmEREBieTyT.$fcegIV25GBdd455bw3T9I/Froc4z53C","email":"hereren2@yandex.ru","type":"user","secret":null,"website":null,"affiliation":null,"country":null,"bracket":null,"hidden":0,"banned":0,"verified":0,"team_id":22,"created":"2023-03-26T08:24:03.666473"},{"id":194,"oauth_id":null,"name":"Max","password":"$bcrypt-sha256$v=2,t=2b,r=12$tDEl8WdrjtqKXdxatrr45.$1AkyaBUQdCFJlGDeLeCexUo27/siQE6","email":"imaksim254@gmail.com","type":"user","secret":null,"website":null,"affiliation":null,"country":null,"bracket":null,"hidden":0,"banned":0,"verified":0,"team_id":44,"created":"2023-03-26T08:24:19.352637"},{"id":197,"oauth_id":null,"name":"Sait","password":"$bcrypt-sha256$v=2,t=2b,r=12$fWb25uP4TcTF2VGeZtX/7.$50kR8a6CZbHs7O7mgGc.17n8KRHu0ny","email":"readmanga2004@mail.ru","type":"user","secret":null,"website":null,"affiliation":null,"country":null,"bracket":null,"hidden":0,"banned":0,"verified":0,"team_id":40,"created":"2023-03-26T08:24:25.361658"},{"id":199,"oauth_id":null,"name":"M41den","password":"$bcrypt-sha256$v=2,t=2b,r=12$6K/gXAmidsXloSjdXanXqe$cIiRXh2cbwM6Yi2EYBTltboLTkE.ZkG","email":"m41den.a@gmail.com","type":"user","secret":null,"website":"https://t.me/m41den","affiliation":"#livingatthespeedoflight","country":null,"bracket":null,"hidden":0,"banned":0,"verified":0,"team_id":39,"created":"2023-03-26T08:24:34.446077"},{"id":201,"oauth_id":null,"name":"sh","password":"$bcrypt-sha256$v=2,t=2b,r=12$/7MpUsa1mnxR1abRxf8qIu$rsKygQizRAyOcnUqqlX5j6MVqR.sAPG","email":"vladimirshvanov@yandex.ru","type":"user","secret":null,"website":null,"affiliation":null,"country":null,"bracket":null,"hidden":0,"banned":0,"verified":0,"team_id":47,"created":"2023-03-26T08:24:35.640023"},{"id":204,"oauth_id":null,"name":"\u04224\u0430\u043a\u04420\u0440\u0438\u0441\u0442i","password":"$bcrypt-sha256$v=2,t=2b,r=12$9nlvR/ziiY/PFDLYr75Toe$f8JL3fLx6vPURxojHZq61FuGeajlffe","email":"brincv@gmail.com","type":"user","secret":null,"website":null,"affiliation":null,"country":null,"bracket":null,"hidden":0,"banned":0,"verified":0,"team_id":46,"created":"2023-03-26T08:24:41.950860"},{"id":207,"oauth_id":null,"name":"kQta","password":"$bcrypt-sha256$v=2,t=2b,r=12$IRi5cVtL7ZJVedrdOTgk6O$WVEuZaJY9jd2K.VKJwWkTw2yGkslBpq","email":"roma.ustenko@mail.ru","type":"user","secret":null,"website":null,"affiliation":null,"country":null,"bracket":null,"hidden":0,"banned":0,"verified":0,"team_id":44,"created":"2023-03-26T08:24:50.155794"},{"id":208,"oauth_id":null,"name":"Lashkin","password":"$bcrypt-sha256$v=2,t=2b,r=12$4ac8tDHciZaKZnNzMigK9.$.A6ciC0swtnI18mI5ckLnqZM80k08tu","email":"naumenko26julija267@gmail.com","type":"user","secret":null,"website":null,"affiliation":null,"country":null,"bracket":null,"hidden":0,"banned":0,"verified":0,"team_id":22,"created":"2023-03-26T08:24:55.965425"},{"id":209,"oauth_id":null,"name":"Iorick","password":"$bcrypt-sha256$v=2,t=2b,r=12$BI4KVKatPbIeQ312c.W1sO$A061PTpzvDQESuPi5yk70unhXsfqzQ2","email":"smert.apolalipsis@mail.ru","type":"user","secret":null,"website":null,"affiliation":null,"country":null,"bracket":null,"hidden":0,"banned":0,"verified":0,"team_id":36,"created":"2023-03-26T08:25:07.960421"},{"id":210,"oauth_id":null,"name":"golovanebolin","password":"$bcrypt-sha256$v=2,t=2b,r=12$Dw4WXwoE9bNPLK7q473oJu$b2oiQ/sfD5emiyvsSJlCSId8niu0vPS","email":"inokendiy.sigizmundovich@yandex.ru","type":"user","secret":null,"website":null,"affiliation":null,"country":null,"bracket":null,"hidden":0,"banned":0,"verified":0,"team_id":22,"created":"2023-03-26T08:25:19.948489"},{"id":211,"oauth_id":null,"name":"VLAN","password":"$bcrypt-sha256$v=2,t=2b,r=12$HHX31XZw34eG7n/LbWnTke$HATVcVWMXZOr2/mOi.Hl/lMMQTynw56","email":"nekit0448@gmail.com","type":"user","secret":null,"website":null,"affiliation":null,"country":null,"bracket":null,"hidden":0,"banned":0,"verified":0,"team_id":44,"created":"2023-03-26T08:25:21.445806"},{"id":214,"oauth_id":null,"name":"jesme","password":"$bcrypt-sha256$v=2,t=2b,r=12$O7myOW5TtcW15OI6aMi1zu$cZQP2p3Rxx6COpIymgz/fs/phxiOcgi","email":"arina.d.07@yandex.ru","type":"user","secret":null,"website":null,"affiliation":null,"country":null,"bracket":null,"hidden":0,"banned":0,"verified":0,"team_id":15,"created":"2023-03-26T08:25:32.940180"},{"id":215,"oauth_id":null,"name":"Alexander_Evgenievich","password":"$bcrypt-sha256$v=2,t=2b,r=12$5BLzUecwfFj9kVmdOUGg7u$OdBR60BZzlvegl5ntp4nnAVufQ2co62","email":"alexander.dumskiy@gmail.com","type":"user","secret":null,"website":null,"affiliation":null,"country":null,"bracket":null,"hidden":0,"banned":0,"verified":0,"team_id":44,"created":"2023-03-26T08:25:52.864227"},{"id":217,"oauth_id":null,"name":"Kristall","password":"$bcrypt-sha256$v=2,t=2b,r=12$AWdkcs4ZihifxkpV2FVetO$7KQwJy26lWIKlMB6C68Jmq9Vl80jmEq","email":"petya.polivtsev@yandex.ru","type":"user","secret":null,"website":null,"affiliation":null,"country":null,"bracket":null,"hidden":0,"banned":0,"verified":0,"team_id":44,"created":"2023-03-26T08:25:55.649316"},{"id":218,"oauth_id":null,"name":"phoekoby","password":"$bcrypt-sha256$v=2,t=2b,r=12$pLTA.MeQAgIw8CPCwaiaCu$Z2IzQnD/Mt2OY0p5zkuNjLi9BijJQia","email":"phoekoby@mail.ru","type":"user","secret":null,"website":null,"affiliation":null,"country":null,"bracket":null,"hidden":0,"banned":0,"verified":0,"team_id":37,"created":"2023-03-26T08:26:02.740212"},{"id":219,"oauth_id":null,"name":"Kivipens","password":"$bcrypt-sha256$v=2,t=2b,r=12$/ca98Rj0OmuZVM5MFPxKeu$10UD.0iCx1.ZEJlfD8zP7UP1P3oFUbu","email":"korchagindanur@gmail.com","type":"user","secret":null,"website":null,"affiliation":null,"country":null,"bracket":null,"hidden":0,"banned":0,"verified":0,"team_id":22,"created":"2023-03-26T08:26:06.845313"},{"id":221,"oauth_id":null,"name":"wendur","password":"$bcrypt-sha256$v=2,t=2b,r=12$Sk7O0Gr.sCAE6EUO3p.1Nu$Gr7a4Obk3QWmLSE8zv8nZUaYdxDk8y.","email":"andreykot1488@rambler.ru","type":"user","secret":null,"website":null,"affiliation":null,"country":null,"bracket":null,"hidden":0,"banned":0,"verified":0,"team_id":37,"created":"2023-03-26T08:26:31.655271"},{"id":224,"oauth_id":null,"name":"DioxiD","password":"$bcrypt-sha256$v=2,t=2b,r=12$A42ByaU02BC3m09Ifr6CK.$M7LjHGuwf6DCVZdzIiFG5KAOm9dZY.y","email":"makssamedov36@mail.ru","type":"user","secret":null,"website":null,"affiliation":null,"country":null,"bracket":null,"hidden":0,"banned":0,"verified":0,"team_id":37,"created":"2023-03-26T08:26:38.052571"},{"id":225,"oauth_id":null,"name":"Aleksandr","password":"$bcrypt-sha256$v=2,t=2b,r=12$Ls9DeMhlJklSeOfTdTnMUe$ost9E1oeOGp3yiI6usdMxTTHJrDi.QO","email":"sanygubanov4@mail.ru","type":"user","secret":null,"website":null,"affiliation":null,"country":null,"bracket":null,"hidden":0,"banned":0,"verified":0,"team_id":36,"created":"2023-03-26T08:26:44.144330"},{"id":226,"oauth_id":null,"name":"dropnamed","password":"$bcrypt-sha256$v=2,t=2b,r=12$PfDda1Gq5z8A7EwpNed.8e$3U/jaBkQhsrlX0g55Vr7e/4RfgJNlOi","email":"misha-tarab@yandex.ru","type":"user","secret":null,"website":null,"affiliation":null,"country":null,"bracket":null,"hidden":0,"banned":0,"verified":0,"team_id":47,"created":"2023-03-26T08:26:46.945447"},{"id":228,"oauth_id":null,"name":"Rota","password":"$bcrypt-sha256$v=2,t=2b,r=12$CiTUD3lzZzbEBcIkiJm1au$MVzZbfd55ihfNpPpvpCLGjlNq8XtQoG","email":"sdd357246@gmail.com","type":"user","secret":null,"website":null,"affiliation":null,"country":null,"bracket":null,"hidden":0,"banned":0,"verified":0,"team_id":44,"created":"2023-03-26T08:26:48.546843"},{"id":229,"oauth_id":null,"name":"\u043f\u043e\u043d\u0447\u0438\u043a","password":"$bcrypt-sha256$v=2,t=2b,r=12$lq4juABoSyfc97clLuX6ee$AF4p0cbnwMV9uOQiPfTHITMV7tIW.fu","email":"leonid.kosyan@mail.ru","type":"user","secret":null,"website":null,"affiliation":null,"country":null,"bracket":null,"hidden":0,"banned":0,"verified":0,"team_id":44,"created":"2023-03-26T08:26:50.745248"},{"id":232,"oauth_id":null,"name":"Ni@po11","password":"$bcrypt-sha256$v=2,t=2b,r=12$bIr3q5B8EtZ.AENO6m3NHO$TMtvpOe4LTJYI8ZWAebEB6SJ3GWViFm","email":"tal.kolya@gmail.com","type":"user","secret":null,"website":null,"affiliation":null,"country":null,"bracket":null,"hidden":0,"banned":0,"verified":0,"team_id":25,"created":"2023-03-26T08:27:23.841823"},{"id":235,"oauth_id":null,"name":"Anastasia","password":"$bcrypt-sha256$v=2,t=2b,r=12$/0Gba0O1DjKHFRgSARnbyu$8i4YUu./ewsnwPd2OIxiRBniA4jrayC","email":"nastya_kh03@list.ru","type":"user","secret":null,"website":null,"affiliation":null,"country":null,"bracket":null,"hidden":0,"banned":0,"verified":0,"team_id":40,"created":"2023-03-26T08:27:27.861000"},{"id":236,"oauth_id":null,"name":"Potahati","password":"$bcrypt-sha256$v=2,t=2b,r=12$K7PytiP34SbUTt47pz5SVe$TkZmfx30wL6IDHi34y8jYjJUjPZ.eRa","email":"ladigev@inbox.ru","type":"user","secret":null,"website":null,"affiliation":null,"country":null,"bracket":null,"hidden":0,"banned":0,"verified":0,"team_id":46,"created":"2023-03-26T08:27:40.453981"},{"id":237,"oauth_id":null,"name":"ImGay","password":"$bcrypt-sha256$v=2,t=2b,r=12$M2tzU/4P8x036xw8/QmD.e$7a9twXPcTc/RnjnyIaZCd04XfbnErDa","email":"eg.belykh@yandex.ru","type":"user","secret":null,"website":null,"affiliation":null,"country":null,"bracket":null,"hidden":0,"banned":0,"verified":0,"team_id":36,"created":"2023-03-26T08:27:47.650121"},{"id":240,"oauth_id":null,"name":"Sergeev","password":"$bcrypt-sha256$v=2,t=2b,r=12$.dmFQ2BKPXXseRd3iIPoEu$6z/DI8y./MEIgoMjYcDP5KYqE5OpyLS","email":"eorge2013@yandex.ru","type":"user","secret":null,"website":null,"affiliation":null,"country":null,"bracket":null,"hidden":0,"banned":0,"verified":0,"team_id":47,"created":"2023-03-26T08:27:50.735995"},{"id":243,"oauth_id":null,"name":"vls_ko","password":"$bcrypt-sha256$v=2,t=2b,r=12$bPAY5/59Mc4uMPLgJLGZC.$56VNdeI0NLwIfNdMKkqWOlKpqG7zEoK","email":"vlasikko@gmail.com","type":"user","secret":null,"website":null,"affiliation":null,"country":null,"bracket":null,"hidden":0,"banned":0,"verified":0,"team_id":47,"created":"2023-03-26T08:27:52.949246"},{"id":245,"oauth_id":null,"name":"newpson","password":"$bcrypt-sha256$v=2,t=2b,r=12$En0aXI2YaWuhodkUyUt0Q.$C.tRPM049AcOd7rumhG37f0xet259pC","email":"dk.newpson@gmail.com","type":"user","secret":null,"website":null,"affiliation":null,"country":null,"bracket":null,"hidden":0,"banned":0,"verified":0,"team_id":46,"created":"2023-03-26T08:28:03.556519"},{"id":247,"oauth_id":null,"name":"Vaga","password":"$bcrypt-sha256$v=2,t=2b,r=12$JOxEyNcCTncCNXmhY8FvlO$eAj/L013zqcJ/Zuk5NubedUU4HbhztG","email":"vagif_m@bk.ru","type":"user","secret":null,"website":null,"affiliation":null,"country":null,"bracket":null,"hidden":0,"banned":0,"verified":0,"team_id":46,"created":"2023-03-26T08:28:13.154293"},{"id":250,"oauth_id":null,"name":"yulya","password":"$bcrypt-sha256$v=2,t=2b,r=12$OGMRSeRh3E2/iEYF59wNtu$pufYYEcJCw2f5kv5U2blxi2tp4KihKC","email":"yulya.mo.02@bk.ru","type":"user","secret":null,"website":null,"affiliation":null,"country":null,"bracket":null,"hidden":0,"banned":0,"verified":0,"team_id":40,"created":"2023-03-26T08:28:16.559415"},{"id":252,"oauth_id":null,"name":"nagibator228","password":"$bcrypt-sha256$v=2,t=2b,r=12$ydxD50Rx9m7f57h5TOeKX.$MOppIm0U9eUnqRxOiMztX1sRo8CbYES","email":"lilo.lilo565@gmail.com","type":"user","secret":null,"website":null,"affiliation":null,"country":null,"bracket":null,"hidden":0,"banned":0,"verified":0,"team_id":46,"created":"2023-03-26T08:28:18.246996"},{"id":255,"oauth_id":null,"name":"valeriy","password":"$bcrypt-sha256$v=2,t=2b,r=12$jWz135mdVV0nI9LJqpw6H.$xNM77yUqeilrbIBLywmwJJ5maud4YcO","email":"derev.03@mail.ru","type":"user","secret":null,"website":null,"affiliation":null,"country":null,"bracket":null,"hidden":0,"banned":0,"verified":0,"team_id":49,"created":"2023-03-26T08:28:42.557555"},{"id":256,"oauth_id":null,"name":"Viktoria","password":"$bcrypt-sha256$v=2,t=2b,r=12$Gqxf1lCRfF6zzX5CFLujUO$MJ3JD84XGYaigmF4.VfTpq9Y5UxjtR2","email":"b.b.vikktoria@gmail.com","type":"user","secret":null,"website":null,"affiliation":null,"country":null,"bracket":null,"hidden":0,"banned":0,"verified":0,"team_id":40,"created":"2023-03-26T08:28:58.852906"},{"id":257,"oauth_id":null,"name":"Ann Telegina","password":"$bcrypt-sha256$v=2,t=2b,r=12$H2d8lbaKgLyTl19aFxrS3O$rnjaDI711/mYQZ1ldHmC8tek2ZBxY3e","email":"telegina.ann2003@yandex.ru","type":"user","secret":null,"website":null,"affiliation":null,"country":null,"bracket":null,"hidden":0,"banned":0,"verified":0,"team_id":49,"created":"2023-03-26T08:29:08.450989"},{"id":258,"oauth_id":null,"name":"mmxmmxmxmdmqmdmqmxm","password":"$bcrypt-sha256$v=2,t=2b,r=12$MH3ljeUkTIHpYpHUssHRhe$012Xkr/s2ig41zNAQlyRzYs/p.MsRn6","email":"0xnoname01@rambler.ru","type":"user","secret":null,"website":null,"affiliation":null,"country":null,"bracket":null,"hidden":0,"banned":0,"verified":0,"team_id":null,"created":"2023-03-26T08:30:00.346608"},{"id":260,"oauth_id":null,"name":"Margarittta","password":"$bcrypt-sha256$v=2,t=2b,r=12$8Ruxni7Lto3jP5h4kIXpGu$ozNHS963UiXAgEac1Bcv3WI5aYOXTDK","email":"smaginamb@gmail.com","type":"user","secret":null,"website":null,"affiliation":null,"country":null,"bracket":null,"hidden":0,"banned":0,"verified":0,"team_id":49,"created":"2023-03-26T08:30:08.537913"},{"id":263,"oauth_id":null,"name":"bestfizmat","password":"$bcrypt-sha256$v=2,t=2b,r=12$RLsJBKcKrwdDWvnvqeqkke$dlKLcJsiiJD8deevACmzLw6X1b/rbou","email":"dunaevak004@gmail.com","type":"user","secret":null,"website":null,"affiliation":null,"country":null,"bracket":null,"hidden":0,"banned":0,"verified":0,"team_id":49,"created":"2023-03-26T08:30:23.348870"},{"id":266,"oauth_id":null,"name":"Alina Volobueva","password":"$bcrypt-sha256$v=2,t=2b,r=12$H13IdnCmRk3GZJpcXzEDRu$9OmADAVDJMDpXpK3ZLesUl7YLwJxjaS","email":"allina.volobueva@yandex.ru","type":"user","secret":null,"website":null,"affiliation":null,"country":null,"bracket":null,"hidden":0,"banned":0,"verified":0,"team_id":49,"created":"2023-03-26T08:30:51.940716"},{"id":269,"oauth_id":null,"name":"grizzly4579","password":"$bcrypt-sha256$v=2,t=2b,r=12$46bJwhgr1ZdCRtiqyOox6e$8dtVNqn514KoC/QaGEUBb7N24y/1iy2","email":"grizzly4578@gmail.com","type":"user","secret":null,"website":null,"affiliation":null,"country":null,"bracket":null,"hidden":0,"banned":0,"verified":0,"team_id":47,"created":"2023-03-26T08:31:46.051308"},{"id":271,"oauth_id":null,"name":"Mr_Z","password":"$bcrypt-sha256$v=2,t=2b,r=12$5.3NxmnA3HzSoYUkLXlcJ.$EkKPQGZblyP68kDxmlbmQyoRlhVz86u","email":"yostapchenko@bk.ru","type":"user","secret":null,"website":null,"affiliation":null,"country":null,"bracket":null,"hidden":0,"banned":0,"verified":0,"team_id":null,"created":"2023-03-26T08:31:58.840631"},{"id":274,"oauth_id":null,"name":"Vo1","password":"$bcrypt-sha256$v=2,t=2b,r=12$WyrmWO/jEttqGDo3IArcMu$RSEeE0Kz91mxtHgnhAuzBT1K5Az8KZe","email":"vova.dzhun@mail.ru","type":"user","secret":null,"website":null,"affiliation":null,"country":null,"bracket":null,"hidden":0,"banned":0,"verified":0,"team_id":null,"created":"2023-03-26T08:32:02.246292"},{"id":275,"oauth_id":null,"name":"Parliamentarius","password":"$bcrypt-sha256$v=2,t=2b,r=12$m70NXjMQtMCN1CLTtQqkcu$9QuBq6bR15jomHs6cMAwgAoMR.GpV5O","email":"mr.snpr007@mail.ru","type":"user","secret":null,"website":null,"affiliation":null,"country":null,"bracket":null,"hidden":0,"banned":0,"verified":0,"team_id":null,"created":"2023-03-26T08:32:05.863459"},{"id":278,"oauth_id":null,"name":"Dandelion","password":"$bcrypt-sha256$v=2,t=2b,r=12$C4lOsEKJa72wE4r1pIoxce$PFykWVK3MFDVvwiUuuSdC1taJN.kuNa","email":"dam29631@gmail.com","type":"user","secret":null,"website":null,"affiliation":null,"country":null,"bracket":null,"hidden":0,"banned":0,"verified":0,"team_id":null,"created":"2023-03-26T08:32:18.345730"},{"id":280,"oauth_id":null,"name":"vlhll","password":"$bcrypt-sha256$v=2,t=2b,r=12$9ZPANfEK5dQXMljbqxGkNe$Eldhy6kDQUa4gfiCeHtoyDrbOryIWL6","email":"v_toper@inbox.ru","type":"user","secret":null,"website":null,"affiliation":null,"country":null,"bracket":null,"hidden":0,"banned":0,"verified":0,"team_id":null,"created":"2023-03-26T08:32:19.144172"},{"id":282,"oauth_id":null,"name":"GerikDeveloper39","password":"$bcrypt-sha256$v=2,t=2b,r=12$hXWgGMAelVremBTaPex2c.$k/Dz9ETbpQRIWysm2rquTPHiuMkRJKy","email":"timoshinaxxx@gmail.com","type":"user","secret":null,"website":null,"affiliation":null,"country":null,"bracket":null,"hidden":0,"banned":0,"verified":0,"team_id":null,"created":"2023-03-26T08:32:46.854302"},{"id":285,"oauth_id":null,"name":"Cyber_Tempest","password":"$bcrypt-sha256$v=2,t=2b,r=12$GDNmuYmDmvWBIn99I.ppTO$DB1VNr6KAkBO7zvyF.l9NJMVAmAfkxm","email":"cyber_tempest@mail.ru","type":"user","secret":null,"website":null,"affiliation":null,"country":null,"bracket":null,"hidden":0,"banned":0,"verified":0,"team_id":null,"created":"2023-03-26T08:35:46.260036"},{"id":286,"oauth_id":null,"name":"b3rcut7","password":"$bcrypt-sha256$v=2,t=2b,r=12$hshd.KVfdUpXd96sw.TWu.$wXbEW4etX/Xa9ZLGBfbjH7MlgKvmN5i","email":"levalexandrovich@outlook.com","type":"user","secret":null,"website":null,"affiliation":null,"country":null,"bracket":null,"hidden":0,"banned":0,"verified":0,"team_id":null,"created":"2023-03-26T08:38:32.445945"},{"id":287,"oauth_id":null,"name":"Reny","password":"$bcrypt-sha256$v=2,t=2b,r=12$55myF/Qnmw9Sy59LBXb3Nu$0d0kLk/Wdyrs.Ree//CDQAaVHfFsY6m","email":"roma.zol2005@gmail.com","type":"user","secret":null,"website":null,"affiliation":null,"country":null,"bracket":null,"hidden":0,"banned":0,"verified":0,"team_id":39,"created":"2023-03-26T08:38:39.735907"},{"id":290,"oauth_id":null,"name":"kazekage","password":"$bcrypt-sha256$v=2,t=2b,r=12$GHK8hUueHIS.oEarKY2Rke$XqXDQ7Mgo85D/9mpnA4bdt04OWzBVFy","email":"sabanovdaniil30@gmail.com","type":"user","secret":null,"website":null,"affiliation":null,"country":null,"bracket":null,"hidden":0,"banned":0,"verified":0,"team_id":39,"created":"2023-03-26T08:38:44.854523"},{"id":293,"oauth_id":null,"name":"Weldnor","password":"$bcrypt-sha256$v=2,t=2b,r=12$RosZAZBGyJ96u98gRb8S.u$dWv8GiTBjK4Gk7xqk2QgZ7qV3uUN0R.","email":"kolesov.anton.s@gmail.com","type":"user","secret":null,"website":null,"affiliation":null,"country":null,"bracket":null,"hidden":0,"banned":0,"verified":0,"team_id":59,"created":"2023-03-26T08:41:55.842402"},{"id":295,"oauth_id":null,"name":"AurelVU","password":"$bcrypt-sha256$v=2,t=2b,r=12$asuQVq9BcKSW9oq0xvVHYO$lkukA5fGU.hrYckEXf5jH2EZPnkPOlO","email":"aurel.vu@ya.ru","type":"user","secret":null,"website":"https://vk.com/aurelvu","affiliation":"VSU","country":"RU","bracket":null,"hidden":0,"banned":0,"verified":0,"team_id":58,"created":"2023-03-26T08:42:00.440243"},{"id":298,"oauth_id":null,"name":"Kaneki Ken","password":"$bcrypt-sha256$v=2,t=2b,r=12$z0rl7I.Y.pu.mOaRu5tIBO$qbolaK.otw/7/ZH1zBAmNyD4Ojk.Xue","email":"tyler532@yandex.ru","type":"user","secret":null,"website":null,"affiliation":null,"country":null,"bracket":null,"hidden":0,"banned":0,"verified":0,"team_id":58,"created":"2023-03-26T08:42:13.441773"},{"id":301,"oauth_id":null,"name":"Dimentorino","password":"$bcrypt-sha256$v=2,t=2b,r=12$an73RHMmGTzeYjDFuFcbGu$NC7rlpwMamf.YX9PH9gOaObkh88zYdC","email":"dimon-112g@yandex.ru","type":"user","secret":null,"website":null,"affiliation":null,"country":null,"bracket":null,"hidden":0,"banned":0,"verified":0,"team_id":59,"created":"2023-03-26T08:42:13.642635"},{"id":302,"oauth_id":null,"name":"Chiyuu","password":"$bcrypt-sha256$v=2,t=2b,r=12$a88tetwZhCDS3TgcH7oqte$EmT2CY3K20B7nkhO8zDQF1Qx00cMpTa","email":"sestrunay13@gmail.com","type":"user","secret":null,"website":null,"affiliation":null,"country":null,"bracket":null,"hidden":0,"banned":0,"verified":0,"team_id":58,"created":"2023-03-26T08:42:27.862552"},{"id":304,"oauth_id":null,"name":"Pavel38l","password":"$bcrypt-sha256$v=2,t=2b,r=12$5LGLZqdU84PGTRxDKUXLj.$rgDzDHZ.yqi2/hR2fY/2dULQ2dJUVdi","email":"serhioburdug@gmail.com","type":"user","secret":null,"website":null,"affiliation":null,"country":null,"bracket":null,"hidden":0,"banned":0,"verified":0,"team_id":59,"created":"2023-03-26T08:42:39.054372"},{"id":305,"oauth_id":null,"name":"TruEngMan","password":"$bcrypt-sha256$v=2,t=2b,r=12$VWlXPVMx7Z.9wyzi.Huniu$rWhrrqDm9rSH4hqfxM5dRrCYdt2I08a","email":"tkachivko@mail.ru","type":"user","secret":null,"website":null,"affiliation":null,"country":null,"bracket":null,"hidden":0,"banned":0,"verified":0,"team_id":60,"created":"2023-03-26T08:42:40.554623"},{"id":306,"oauth_id":null,"name":"Anna Kanaryan","password":"$bcrypt-sha256$v=2,t=2b,r=12$tXz5DIvSimiJkGPOHeyZJu$FTOt6Zxo.tJm5qyObIm0n7js.XgOYGu","email":"kanaryan02@inbox.ru","type":"user","secret":null,"website":null,"affiliation":null,"country":null,"bracket":null,"hidden":0,"banned":0,"verified":0,"team_id":60,"created":"2023-03-26T08:42:41.849007"},{"id":308,"oauth_id":null,"name":"Kolya","password":"$bcrypt-sha256$v=2,t=2b,r=12$ML6aCBZLeUdA7CLeDXm1ou$RKFjtCPZZ3ixbiBSz3dvm8JtpJmuJ.C","email":"farada5@mail.ru","type":"user","secret":null,"website":null,"affiliation":null,"country":null,"bracket":null,"hidden":0,"banned":0,"verified":0,"team_id":60,"created":"2023-03-26T08:42:47.360642"},{"id":309,"oauth_id":null,"name":"kaside","password":"$bcrypt-sha256$v=2,t=2b,r=12$fLR.CSXgF/M4jTFPjYEIdO$8cmaGmywFbCz/QUK9JBDFvZiY.XUDcS","email":"tutivanna2@gmail.com","type":"user","secret":null,"website":null,"affiliation":null,"country":null,"bracket":null,"hidden":0,"banned":0,"verified":0,"team_id":58,"created":"2023-03-26T08:42:48.739599"},{"id":315,"oauth_id":null,"name":"Shrike","password":"$bcrypt-sha256$v=2,t=2b,r=12$A8MSUQ0NaxqWWlcr/gjq9e$WB6JxBWfFRNhcsQfgB6B1Bn0XwuNSL.","email":"va123ma@gmail.com","type":"user","secret":null,"website":null,"affiliation":null,"country":null,"bracket":null,"hidden":0,"banned":0,"verified":0,"team_id":59,"created":"2023-03-26T08:43:01.848442"},{"id":318,"oauth_id":null,"name":"asmnv","password":"$bcrypt-sha256$v=2,t=2b,r=12$XXsO9CibTlQW.qIQEMZPnO$.jTEHaXVQ/xvi0yyvk.CTSnUpqhsg9G","email":"a7n000v@gmail.com","type":"user","secret":null,"website":null,"affiliation":null,"country":null,"bracket":null,"hidden":0,"banned":0,"verified":0,"team_id":60,"created":"2023-03-26T08:44:15.042481"},{"id":321,"oauth_id":null,"name":"PheonexDemon","password":"$bcrypt-sha256$v=2,t=2b,r=12$ydtEbSGtHvSOquLtrrM3Ie$NpYWhfapViWToQYsNJrkEScSJEWZ7Me","email":"nikmoroz2002@yandex.ru","type":"user","secret":null,"website":null,"affiliation":null,"country":null,"bracket":null,"hidden":0,"banned":0,"verified":0,"team_id":58,"created":"2023-03-26T08:44:23.954407"},{"id":322,"oauth_id":null,"name":"iriska","password":"$bcrypt-sha256$v=2,t=2b,r=12$10d2mx4lBE9uuYNry8f1ie$3Q62uFKV3FskHyHJiJteOymtk197rdi","email":"sveta.maslennikova@gmail.com","type":"user","secret":null,"website":null,"affiliation":null,"country":null,"bracket":null,"hidden":0,"banned":0,"verified":0,"team_id":58,"created":"2023-03-26T08:44:43.838236"},{"id":324,"oauth_id":null,"name":"proxymaster","password":"$bcrypt-sha256$v=2,t=2b,r=12$eXTlJ2QG3JBaRFZ.hDkf.O$cMZOsU/TNnVj4rIcKiJl/uHlVlZrxgm","email":"martial.jays-0z@icloud.com","type":"user","secret":null,"website":null,"affiliation":null,"country":null,"bracket":null,"hidden":0,"banned":0,"verified":0,"team_id":60,"created":"2023-03-26T08:44:58.251078"},{"id":325,"oauth_id":null,"name":"maloznal","password":"$bcrypt-sha256$v=2,t=2b,r=12$h51rVeNbPuzsOJh/Chjfne$20k/vZVnVKv8SswSFRiOF2UhYtqm/Ve","email":"kaygor59@icloud.com","type":"user","secret":null,"website":null,"affiliation":null,"country":null,"bracket":null,"hidden":0,"banned":0,"verified":0,"team_id":65,"created":"2023-03-26T08:48:36.538522"},{"id":326,"oauth_id":null,"name":"geraltandiz","password":"$bcrypt-sha256$v=2,t=2b,r=12$1uoEVFkijc5zl6bkPT17tO$LQU7RQjO2v50lqfqILXeYRv4HI4mCTK","email":"geraltandiz@gmail.com","type":"user","secret":null,"website":null,"affiliation":null,"country":null,"bracket":null,"hidden":0,"banned":0,"verified":0,"team_id":60,"created":"2023-03-26T08:52:40.560177"},{"id":327,"oauth_id":null,"name":"Antonov Aleksandr Aleksandrovich","password":"$bcrypt-sha256$v=2,t=2b,r=12$AS78jJLBq3VUyNHRU3q71e$HTxMcqevzlszmhMfAhA.A0j1kyYnKAq","email":"zzzz1917@bk.ru","type":"user","secret":null,"website":null,"affiliation":null,"country":null,"bracket":null,"hidden":0,"banned":0,"verified":0,"team_id":58,"created":"2023-03-26T09:11:57.451757"},{"id":328,"oauth_id":null,"name":"Dmitriy.s.k","password":"$bcrypt-sha256$v=2,t=2b,r=12$AU.tqqzG/S3AWSsjiHcXZ.$gJQZtD01bkz/C3KRMFUCZAidxRDB7Au","email":"dmitriy.s.k72@yandex.ru","type":"user","secret":null,"website":null,"affiliation":null,"country":null,"bracket":null,"hidden":0,"banned":0,"verified":0,"team_id":60,"created":"2023-03-26T09:13:00.654058"},{"id":331,"oauth_id":null,"name":"chrome_fox","password":"$bcrypt-sha256$v=2,t=2b,r=12$N16UTka80TncOUtcG6Crlu$GtFOfCwY2IBG2VRtizOxum9heP4ch2.","email":"hantter60@gmail.com","type":"user","secret":null,"website":null,"affiliation":null,"country":null,"bracket":null,"hidden":0,"banned":0,"verified":0,"team_id":60,"created":"2023-03-26T09:16:51.954307"},{"id":332,"oauth_id":null,"name":"Po4est","password":"$bcrypt-sha256$v=2,t=2b,r=12$qyVHF3tkSlsx/wRe3iLh3O$Tt2e5qL4nV.olWyZ3fh9bVtmO4/F6y2","email":"amen.god00@mail.ru","type":"user","secret":null,"website":null,"affiliation":null,"country":null,"bracket":null,"hidden":0,"banned":0,"verified":0,"team_id":null,"created":"2023-03-26T09:38:26.353453"},{"id":335,"oauth_id":null,"name":"Mixie","password":"$bcrypt-sha256$v=2,t=2b,r=12$0A6AxRC3SEnYZ7ZoIUfE0e$Cbc5DW.U4YXAIq8CCsZhZnN2Z2kUymm","email":"maksimm741cv@mail.ru","type":"user","secret":null,"website":null,"affiliation":null,"country":null,"bracket":null,"hidden":0,"banned":0,"verified":0,"team_id":46,"created":"2023-03-26T11:31:28.160965"}],"meta":{}}