{"count":27,"results":[{"id":2,"user_id":3,"team_id":3,"name":"Hint 60","description":"Hint for Password hacker","date":"2023-03-26T05:53:42.397367","value":-10,"category":"hints","icon":null,"requirements":null,"type":"standard"},{"id":4,"user_id":3,"team_id":3,"name":"Hint 62","description":"Hint for Password hacker","date":"2023-03-26T05:53:52.093585","value":-10,"category":"hints","icon":null,"requirements":null,"type":"standard"},{"id":6,"user_id":3,"team_id":3,"name":"Hint 64","description":"Hint for Free server","date":"2023-03-26T05:54:41.427893","value":-10,"category":"hints","icon":null,"requirements":null,"type":"standard"},{"id":7,"user_id":3,"team_id":3,"name":"Hint 65","description":"Hint for Free server","date":"2023-03-26T05:54:48.380667","value":-10,"category":"hints","icon":null,"requirements":null,"type":"standard"},{"id":9,"user_id":3,"team_id":3,"name":"Hint 56","description":"Hint for Repeated process","date":"2023-03-26T05:55:33.148899","value":-10,"category":"hints","icon":null,"requirements":null,"type":"standard"},{"id":10,"user_id":3,"team_id":3,"name":"Hint 58","description":"Hint for Unknown user","date":"2023-03-26T05:56:25.983764","value":-10,"category":"hints","icon":null,"requirements":null,"type":"standard"},{"id":13,"user_id":3,"team_id":3,"name":"Hint 59","description":"Hint for Unknown user","date":"2023-03-26T05:56:30.910313","value":-10,"category":"hints","icon":null,"requirements":null,"type":"standard"},{"id":15,"user_id":3,"team_id":3,"name":"Hint 70","description":"Hint for Strong dependencies","date":"2023-03-26T06:00:30.749705","value":-10,"category":"hints","icon":null,"requirements":null,"type":"standard"},{"id":18,"user_id":3,"team_id":3,"name":"Hint 67","description":"Hint for Stego monster","date":"2023-03-26T06:03:50.707787","value":-10,"category":"hints","icon":null,"requirements":null,"type":"standard"},{"id":19,"user_id":3,"team_id":3,"name":"Hint 124","description":"Hint for Strong dependencies","date":"2023-03-26T07:18:42.813468","value":-10,"category":"hints","icon":null,"requirements":null,"type":"standard"},{"id":22,"user_id":3,"team_id":3,"name":"Hint 114","description":"Hint for Password hacker","date":"2023-03-26T07:26:34.295125","value":-10,"category":"hints","icon":null,"requirements":null,"type":"standard"},{"id":25,"user_id":3,"team_id":3,"name":"Hint 115","description":"Hint for Password hacker","date":"2023-03-26T07:26:42.357922","value":-10,"category":"hints","icon":null,"requirements":null,"type":"standard"},{"id":27,"user_id":3,"team_id":3,"name":"Hint 106","description":"Hint for Yet another traffic dump","date":"2023-03-26T07:26:53.774211","value":-20,"category":"hints","icon":null,"requirements":null,"type":"standard"},{"id":29,"user_id":92,"team_id":20,"name":"Hint 166","description":"Hint for Stego monster","date":"2023-03-26T09:58:46.934377","value":-10,"category":"hints","icon":null,"requirements":null,"type":"standard"},{"id":32,"user_id":135,"team_id":35,"name":"Hint 166","description":"Hint for Stego monster","date":"2023-03-26T10:35:22.837968","value":-10,"category":"hints","icon":null,"requirements":null,"type":"standard"},{"id":33,"user_id":135,"team_id":35,"name":"Hint 220","description":"Hint for Suspicious square","date":"2023-03-26T11:19:58.550771","value":-10,"category":"hints","icon":null,"requirements":null,"type":"standard"},{"id":36,"user_id":142,"team_id":24,"name":"Hint 223","description":"Hint for Admin console #1","date":"2023-03-26T11:21:02.645064","value":-5,"category":"hints","icon":null,"requirements":null,"type":"standard"},{"id":39,"user_id":21,"team_id":9,"name":"Hint 283","description":"Hint for Recruit","date":"2023-03-26T11:59:13.098969","value":-5,"category":"hints","icon":null,"requirements":null,"type":"standard"},{"id":41,"user_id":52,"team_id":12,"name":"Hint 283","description":"Hint for Recruit","date":"2023-03-26T11:59:33.777296","value":-5,"category":"hints","icon":null,"requirements":null,"type":"standard"},{"id":42,"user_id":10,"team_id":6,"name":"Hint 278","description":"Hint for Strong dependencies","date":"2023-03-26T12:33:12.460816","value":-10,"category":"hints","icon":null,"requirements":null,"type":"standard"},{"id":45,"user_id":5,"team_id":6,"name":"Hint 255","description":"Hint for Yet another traffic dump","date":"2023-03-26T13:04:50.767132","value":-10,"category":"hints","icon":null,"requirements":null,"type":"standard"},{"id":48,"user_id":22,"team_id":6,"name":"Hint 254","description":"Hint for Yet another traffic dump","date":"2023-03-26T13:05:06.649381","value":-10,"category":"hints","icon":null,"requirements":null,"type":"standard"},{"id":51,"user_id":21,"team_id":9,"name":"Hint 296","description":"Hint for Admin console #3","date":"2023-03-26T13:05:16.946157","value":-10,"category":"hints","icon":null,"requirements":null,"type":"standard"},{"id":52,"user_id":13,"team_id":6,"name":"Hint 296","description":"Hint for Admin console #3","date":"2023-03-26T13:09:21.557403","value":-10,"category":"hints","icon":null,"requirements":null,"type":"standard"},{"id":55,"user_id":21,"team_id":9,"name":"Hint 278","description":"Hint for Strong dependencies","date":"2023-03-26T13:11:01.301866","value":-10,"category":"hints","icon":null,"requirements":null,"type":"standard"},{"id":58,"user_id":102,"team_id":23,"name":"Hint 280","description":"Hint for Admin console #1","date":"2023-03-26T13:33:56.568553","value":-5,"category":"hints","icon":null,"requirements":null,"type":"standard"},{"id":60,"user_id":148,"team_id":38,"name":"Hint 274","description":"Hint for Stego monster","date":"2023-03-26T14:11:48.201004","value":-10,"category":"hints","icon":null,"requirements":null,"type":"standard"}],"meta":{}}