{"count":36,"results":[{"id":1,"initial":100,"minimum":10,"decay":20},{"id":4,"initial":100,"minimum":10,"decay":20},{"id":7,"initial":100,"minimum":10,"decay":20},{"id":10,"initial":100,"minimum":10,"decay":20},{"id":12,"initial":100,"minimum":10,"decay":20},{"id":13,"initial":100,"minimum":10,"decay":20},{"id":15,"initial":100,"minimum":10,"decay":20},{"id":18,"initial":100,"minimum":10,"decay":20},{"id":21,"initial":100,"minimum":10,"decay":20},{"id":22,"initial":100,"minimum":10,"decay":20},{"id":25,"initial":100,"minimum":10,"decay":20},{"id":26,"initial":100,"minimum":10,"decay":20},{"id":27,"initial":100,"minimum":10,"decay":20},{"id":29,"initial":100,"minimum":10,"decay":20},{"id":32,"initial":100,"minimum":10,"decay":20},{"id":34,"initial":100,"minimum":10,"decay":20},{"id":36,"initial":100,"minimum":10,"decay":20},{"id":38,"initial":100,"minimum":10,"decay":20},{"id":41,"initial":100,"minimum":10,"decay":20},{"id":44,"initial":100,"minimum":10,"decay":20},{"id":47,"initial":100,"minimum":10,"decay":20},{"id":49,"initial":100,"minimum":10,"decay":20},{"id":52,"initial":100,"minimum":10,"decay":20},{"id":55,"initial":100,"minimum":10,"decay":20},{"id":58,"initial":100,"minimum":10,"decay":20},{"id":61,"initial":100,"minimum":10,"decay":20},{"id":64,"initial":100,"minimum":10,"decay":20},{"id":65,"initial":100,"minimum":10,"decay":20},{"id":67,"initial":100,"minimum":10,"decay":20},{"id":70,"initial":100,"minimum":10,"decay":20},{"id":73,"initial":100,"minimum":10,"decay":20},{"id":76,"initial":100,"minimum":10,"decay":20},{"id":79,"initial":100,"minimum":10,"decay":20},{"id":82,"initial":100,"minimum":10,"decay":20},{"id":84,"initial":100,"minimum":10,"decay":20},{"id":85,"initial":100,"minimum":10,"decay":20}],"meta":{}}