{"count":90,"results":[{"id":1,"type":"user","value":"VKA","field_id":3,"user_id":5,"team_id":null},{"id":4,"type":"team","value":"VKA","field_id":4,"user_id":null,"team_id":6},{"id":6,"type":"user","value":"\u0412\u0413\u0422\u0423, \u0424\u0418\u0422\u041a\u0411,\u0421\u0418\u0411","field_id":3,"user_id":7,"team_id":null},{"id":9,"type":"user","value":"","field_id":3,"user_id":10,"team_id":null},{"id":10,"type":"user","value":"VKA","field_id":3,"user_id":13,"team_id":null},{"id":11,"type":"team","value":"\u0412\u0413\u0422\u0423","field_id":4,"user_id":null,"team_id":8},{"id":13,"type":"user","value":"VKA","field_id":3,"user_id":16,"team_id":null},{"id":16,"type":"user","value":"VKA","field_id":3,"user_id":19,"team_id":null},{"id":18,"type":"user","value":"\u041c\u0411\u041e\u0423 \u0421\u041e\u0428 \u211610 \u0433. \u0420\u043e\u0441\u0441\u043e\u0448\u0438","field_id":3,"user_id":21,"team_id":null},{"id":21,"type":"team","value":"\u041c\u0411\u041e\u0423 \u0421\u041e\u0428 \u211610 \u0433. \u0420\u043e\u0441\u0441\u043e\u0448\u0438","field_id":4,"user_id":null,"team_id":9},{"id":24,"type":"user","value":"VKA","field_id":3,"user_id":22,"team_id":null},{"id":25,"type":"user","value":"\u0412\u0413\u0423\u0418\u0422","field_id":3,"user_id":23,"team_id":null},{"id":26,"type":"user","value":"\u0412\u0413\u0423","field_id":3,"user_id":26,"team_id":null},{"id":28,"type":"user","value":"\u0412\u0413\u0422\u0423, \u0424\u0418\u0422\u041a\u0411, \u0421\u0418\u0411","field_id":3,"user_id":28,"team_id":null},{"id":30,"type":"team","value":"\u0412\u0413\u0423\u0418\u0422","field_id":4,"user_id":null,"team_id":12},{"id":31,"type":"user","value":"\u0412\u0413\u0423","field_id":3,"user_id":31,"team_id":null},{"id":34,"type":"user","value":"\u0412\u0413\u0423","field_id":3,"user_id":33,"team_id":null},{"id":35,"type":"user","value":"\u0412\u043e\u0440\u043e\u043d\u0435\u0436\u0441\u043a\u0438\u0439 \u0433\u043e\u0441\u0443\u0434\u0430\u0440\u0441\u0442\u0432\u0435\u043d\u043d\u044b\u0439 \u0443\u043d\u0438\u0432\u0435\u0440\u0441\u0438\u0442\u0435\u0442","field_id":3,"user_id":35,"team_id":null},{"id":38,"type":"user","value":"\u0412\u043e\u0440\u043e\u043d\u0435\u0436\u0441\u043a\u0438\u0439 \u0433\u043e\u0441\u0443\u0434\u0430\u0440\u0441\u0442\u0432\u0435\u043d\u043d\u044b\u0439 \u0443\u043d\u0438\u0432\u0435\u0440\u0441\u0438\u0442\u0435\u0442","field_id":3,"user_id":38,"team_id":null},{"id":41,"type":"user","value":"\u0412\u043e\u0440\u043e\u043d\u0435\u0436\u0441\u043a\u0438\u0439 \u0433\u043e\u0441\u0443\u0434\u0430\u0440\u0441\u0442\u0432\u0435\u043d\u043d\u044b\u0439 \u0443\u043d\u0438\u0432\u0435\u0440\u0441\u0438\u0442\u0435\u0442","field_id":3,"user_id":41,"team_id":null},{"id":42,"type":"user","value":"\u0412\u0413\u0423","field_id":3,"user_id":43,"team_id":null},{"id":45,"type":"team","value":"\u0412\u043e\u0440\u043e\u043d\u0435\u0436\u0441\u043a\u0438\u0439 \u0433\u043e\u0441\u0443\u0434\u0430\u0440\u0441\u0442\u0432\u0435\u043d\u043d\u044b\u0439 \u0443\u043d\u0438\u0432\u0435\u0440\u0441\u0438\u0442\u0435\u0442","field_id":4,"user_id":null,"team_id":null},{"id":48,"type":"user","value":"\u0412\u0413\u0423","field_id":3,"user_id":46,"team_id":null},{"id":51,"type":"user","value":"\u0412\u0413\u0423\u0418\u0422","field_id":3,"user_id":49,"team_id":null},{"id":54,"type":"team","value":"\u0412\u0413\u0423\u0418\u0422","field_id":4,"user_id":null,"team_id":null},{"id":57,"type":"user","value":"\u0412\u0413\u0423\u0418\u0422","field_id":3,"user_id":52,"team_id":null},{"id":60,"type":"user","value":"\u0412\u0413\u0423\u0418\u0422","field_id":3,"user_id":54,"team_id":null},{"id":62,"type":"user","value":"\u0412\u0413\u0423\u0418\u0422","field_id":3,"user_id":56,"team_id":null},{"id":64,"type":"user","value":"\u0412\u0413\u0423\u0418\u0422","field_id":3,"user_id":57,"team_id":null},{"id":65,"type":"user","value":"","field_id":3,"user_id":59,"team_id":null},{"id":68,"type":"user","value":"\u0412\u0413\u0423\u0418\u0422","field_id":3,"user_id":60,"team_id":null},{"id":71,"type":"user","value":"","field_id":3,"user_id":62,"team_id":null},{"id":73,"type":"user","value":"","field_id":3,"user_id":64,"team_id":null},{"id":76,"type":"user","value":"\u0412\u0413\u0423\u0418\u0422","field_id":3,"user_id":66,"team_id":null},{"id":78,"type":"user","value":"","field_id":3,"user_id":67,"team_id":null},{"id":81,"type":"user","value":"","field_id":3,"user_id":69,"team_id":null},{"id":83,"type":"team","value":"","field_id":4,"user_id":null,"team_id":17},{"id":86,"type":"user","value":"","field_id":3,"user_id":72,"team_id":null},{"id":88,"type":"user","value":"","field_id":3,"user_id":74,"team_id":null},{"id":91,"type":"user","value":"\u0412\u0413\u0423\u0418\u0422","field_id":3,"user_id":75,"team_id":null},{"id":94,"type":"user","value":"","field_id":3,"user_id":78,"team_id":null},{"id":96,"type":"user","value":"\u0412\u043e\u0440\u043e\u043d\u0435\u0436\u0441\u043a\u0438\u0439 \u0433\u043e\u0441\u0443\u0434\u0430\u0440\u0441\u0442\u0432\u0435\u043d\u043d\u044b\u0439 \u0443\u043d\u0438\u0432\u0435\u0440\u0441\u0438\u0442\u0435\u0442","field_id":3,"user_id":79,"team_id":null},{"id":98,"type":"user","value":"\u0412\u0433\u0443\u0438\u0442","field_id":3,"user_id":81,"team_id":null},{"id":99,"type":"user","value":"\u0412\u043e\u0440\u043e\u043d\u0435\u0436\u0441\u043a\u0438\u0439 \u0413\u043e\u0441\u0443\u0434\u0430\u0440\u0441\u0442\u0432\u0435\u043d\u043d\u044b\u0439 \u0423\u043d\u0438\u0432\u0435\u0440\u0441\u0438\u0442\u0435\u0442","field_id":3,"user_id":82,"team_id":null},{"id":101,"type":"team","value":"\u0412\u043e\u0440\u043e\u043d\u0435\u0436\u0441\u043a\u0438\u0439 \u0433\u043e\u0441\u0443\u0434\u0430\u0440\u0441\u0442\u0432\u0435\u043d\u043d\u044b\u0439 \u0443\u043d\u0438\u0432\u0435\u0440\u0441\u0438\u0442\u0435\u0442","field_id":4,"user_id":null,"team_id":null},{"id":102,"type":"user","value":"","field_id":3,"user_id":84,"team_id":null},{"id":105,"type":"user","value":"\u0412\u0413\u0423\u0422","field_id":3,"user_id":85,"team_id":null},{"id":108,"type":"user","value":"\u041a\u0440\u0430\u0441\u043d\u043e\u0434\u0430\u0440\u0441\u043a\u043e\u0435 \u0412\u044b\u0441\u0448\u0435\u0435 \u0412\u043e\u0435\u043d\u043d\u043e\u0435 \u0423\u0447\u0438\u043b\u0438\u0449\u0435","field_id":3,"user_id":87,"team_id":null},{"id":111,"type":"user","value":"\u041a\u0412\u0412\u0423","field_id":3,"user_id":89,"team_id":null},{"id":113,"type":"user","value":"","field_id":3,"user_id":92,"team_id":null},{"id":114,"type":"team","value":"\u041a\u0440\u0430\u0441\u043d\u043e\u0434\u0430\u0440\u0441\u043a\u043e\u0435 \u0412\u044b\u0441\u0448\u0435\u0435 \u0412\u043e\u0435\u043d\u043d\u043e\u0435 \u0423\u0447\u0438\u043b\u0438\u0449\u0435","field_id":4,"user_id":null,"team_id":20},{"id":116,"type":"user","value":"\u041a\u0412\u0412\u0423","field_id":3,"user_id":93,"team_id":null},{"id":119,"type":"user","value":"","field_id":3,"user_id":96,"team_id":null},{"id":120,"type":"user","value":"\u041a\u0412\u0412\u0423","field_id":3,"user_id":98,"team_id":null},{"id":122,"type":"user","value":"","field_id":3,"user_id":101,"team_id":null},{"id":123,"type":"team","value":"\u0412\u0413\u0423\u0422","field_id":4,"user_id":null,"team_id":21},{"id":124,"type":"team","value":"","field_id":4,"user_id":null,"team_id":23},{"id":126,"type":"user","value":"","field_id":3,"user_id":102,"team_id":null},{"id":127,"type":"user","value":"","field_id":3,"user_id":104,"team_id":null},{"id":129,"type":"user","value":"\u0412\u041a\u0410","field_id":3,"user_id":106,"team_id":null},{"id":130,"type":"team","value":"\u0412\u041a\u0410","field_id":4,"user_id":null,"team_id":24},{"id":132,"type":"user","value":"","field_id":3,"user_id":109,"team_id":null},{"id":133,"type":"team","value":"","field_id":4,"user_id":null,"team_id":26},{"id":134,"type":"user","value":"","field_id":3,"user_id":110,"team_id":null},{"id":135,"type":"user","value":"\u041a\u0412\u0412\u0423, \u041a\u0440\u0430\u0441\u043d\u043e\u0434\u0430\u0440","field_id":3,"user_id":111,"team_id":null},{"id":138,"type":"user","value":"\u0412\u041a\u0410","field_id":3,"user_id":112,"team_id":null},{"id":140,"type":"team","value":"\u0412\u041a\u0410","field_id":4,"user_id":null,"team_id":null},{"id":141,"type":"user","value":"","field_id":3,"user_id":114,"team_id":null},{"id":144,"type":"user","value":"\u0412\u0413\u0423\u0418\u0422","field_id":3,"user_id":115,"team_id":null},{"id":145,"type":"user","value":"\u0412\u0413\u0422\u0423","field_id":3,"user_id":118,"team_id":null},{"id":146,"type":"user","value":"VKA","field_id":3,"user_id":120,"team_id":null},{"id":149,"type":"user","value":"\u041a\u0412\u0412\u0423","field_id":3,"user_id":123,"team_id":null},{"id":151,"type":"user","value":"\u0412\u0413\u0423\u0418\u0422","field_id":3,"user_id":126,"team_id":null},{"id":153,"type":"user","value":"","field_id":3,"user_id":128,"team_id":null},{"id":156,"type":"user","value":"\u0418\u0422\u041c\u041e","field_id":3,"user_id":131,"team_id":null},{"id":159,"type":"team","value":"\u0418\u0422\u041c\u041e","field_id":4,"user_id":null,"team_id":31},{"id":161,"type":"user","value":"\u0412\u041a\u0410","field_id":3,"user_id":134,"team_id":null},{"id":164,"type":"team","value":"\u0412\u041a\u0410","field_id":4,"user_id":null,"team_id":32},{"id":165,"type":"user","value":"","field_id":3,"user_id":135,"team_id":null},{"id":166,"type":"team","value":"","field_id":4,"user_id":null,"team_id":35},{"id":169,"type":"user","value":"VKA","field_id":3,"user_id":136,"team_id":null},{"id":172,"type":"user","value":"\u041c\u0411\u041e\u0423 \u0421\u041e\u0428 \u211610","field_id":3,"user_id":139,"team_id":null},{"id":173,"type":"user","value":"","field_id":3,"user_id":142,"team_id":null},{"id":175,"type":"user","value":"\u0412\u041a\u0410","field_id":3,"user_id":143,"team_id":null},{"id":178,"type":"user","value":"ITMO","field_id":3,"user_id":144,"team_id":null},{"id":179,"type":"user","value":"MTUCI","field_id":3,"user_id":145,"team_id":null},{"id":182,"type":"team","value":"","field_id":4,"user_id":null,"team_id":36},{"id":184,"type":"user","value":"BMSTU","field_id":3,"user_id":146,"team_id":null},{"id":186,"type":"team","value":"\u041c\u0413\u0422\u0423 \u0438\u043c \u041d \u042d \u0411\u0430\u0443\u043c\u0430\u043d\u0430","field_id":4,"user_id":null,"team_id":38},{"id":189,"type":"user","value":"\u041c\u0413\u0422\u0423 \u0438\u043c.\u041d.\u042d.\u0411\u0430\u0443\u043c\u0430\u043d\u0430","field_id":3,"user_id":148,"team_id":null}],"meta":{}}