{"count":22,"results":[{"id":3,"type":"standard","location":"74bfae4ead1812df826f412a8678a671/2023.svg","challenge_id":null,"page_id":null},{"id":6,"type":"standard","location":"203fe5c6a1f872974b24b64c2a48f5b3/logo.png","challenge_id":null,"page_id":null},{"id":9,"type":"standard","location":"6bb815616fe7fdb0a5f6da81a220b31f/2023.svg","challenge_id":null,"page_id":null},{"id":106,"type":"page","location":"6a37fb39391aa5ee09ea950d23163cd8/discord-mark-white.png","challenge_id":null,"page_id":null},{"id":107,"type":"page","location":"5a62b5646d632628d6f0be3ff2de4e26/2023.svg","challenge_id":null,"page_id":null},{"id":297,"type":"challenge","location":"5b482dccf451feceb2791abaf1205bfc/task.osz","challenge_id":1,"page_id":null},{"id":300,"type":"challenge","location":"e1379db82991125556785caa52f69335/yet_another_traffic_dump.pcapng","challenge_id":52,"page_id":null},{"id":301,"type":"challenge","location":"a2d8f32218aa9d94eeeaaace69b43c08/Lab122_files.zip","challenge_id":7,"page_id":null},{"id":302,"type":"challenge","location":"7d01020e0fe89afe3ca237841e609169/ClickMe.exe","challenge_id":73,"page_id":null},{"id":303,"type":"challenge","location":"1913779c77c91f113b2926c3d4eabfa5/git_repo.zip","challenge_id":76,"page_id":null},{"id":305,"type":"challenge","location":"e4170819817e0b230b273ed62ad326b9/scp.exe","challenge_id":55,"page_id":null},{"id":308,"type":"challenge","location":"0ec8441effaeeb638804cf1083774840/strange","challenge_id":58,"page_id":null},{"id":310,"type":"challenge","location":"d94be4a21f04c4c9e615e39f44091327/escape","challenge_id":29,"page_id":null},{"id":313,"type":"challenge","location":"fffe36ae77cfeb0440d91dbd8c5d6735/lvl1.zip","challenge_id":32,"page_id":null},{"id":315,"type":"challenge","location":"273532cb62af799987f4eb64d0f74be6/Kittens.mkv","challenge_id":25,"page_id":null},{"id":316,"type":"challenge","location":"d5ad5405d2ff6d502e9de42d9f5a459c/key.zip","challenge_id":36,"page_id":null},{"id":318,"type":"challenge","location":"1a42e769f2a8f047be23c6438c5cdb35/black.png","challenge_id":85,"page_id":null},{"id":320,"type":"challenge","location":"aba716e9c938e11bc2d38c0412df5502/encrypt.py","challenge_id":38,"page_id":null},{"id":322,"type":"challenge","location":"3eba17e444383007be519532907fab5b/out.txt","challenge_id":38,"page_id":null},{"id":325,"type":"challenge","location":"a94c052dc56fcb223aa2642f143db25e/encrypt.py","challenge_id":41,"page_id":null},{"id":326,"type":"challenge","location":"c404783d08531ce4b1daaa8a24fd5a6d/flag.txt","challenge_id":15,"page_id":null},{"id":329,"type":"challenge","location":"8c68a13ad0bc18f00e482a92340091fa/server.py","challenge_id":47,"page_id":null}],"meta":{}}