{"count":38,"results":[{"id":349,"challenge_id":84,"type":"static","content":"vrnctf{H3ll0_w0rld}","data":""},{"id":637,"challenge_id":1,"type":"static","content":"vrnctf{did_you_like_an_ai_generated_map}","data":"case_insensitive"},{"id":638,"challenge_id":26,"type":"static","content":"vrnctf{w3lcome_to_t1me_an0mali3es_ag3nt}","data":"case_insensitive"},{"id":641,"challenge_id":18,"type":"static","content":"vrnctf{Luca_Guerra_Guard@MyLan0}","data":"case_insensitive"},{"id":643,"challenge_id":18,"type":"static","content":"vrnctf{Luca_Guerra_ChocolateMakers}","data":"case_insensitive"},{"id":646,"challenge_id":21,"type":"static","content":"vrnctf{th3_const3llation_0f_c4nis_maj0r_is_gl4d_to_m3et_new_fr13nd_4nd_inv1tes_y0u_to_j0in_th3_hunt}","data":"case_insensitive"},{"id":649,"challenge_id":22,"type":"static","content":"vrnctf{69_37_N_98_41_W_4H_1M_43S}","data":"case_insensitive"},{"id":650,"challenge_id":52,"type":"static","content":"vrnctf{Z1gb33_4l14nc3_09}","data":null},{"id":651,"challenge_id":4,"type":"static","content":"vrnctf{N1c3_c2_framew0rk}","data":null},{"id":652,"challenge_id":7,"type":"static","content":"vrnctf{1_am_a_t0st3r}","data":null},{"id":653,"challenge_id":73,"type":"static","content":"vrnctf{h3ll0_h4ck3rm4n}","data":null},{"id":656,"challenge_id":10,"type":"static","content":"vrnctf{5cp_wa5_cr3at3d}","data":null},{"id":658,"challenge_id":12,"type":"static","content":"vrnctf{Us3_5tr0ng_pa55w0rd5}","data":null},{"id":660,"challenge_id":13,"type":"static","content":"vrnctf{Scp_1337_w3c_sh311}","data":null},{"id":663,"challenge_id":76,"type":"static","content":"vrnctf{ch4ng1ng_g1t_h1st0ry}","data":null},{"id":666,"challenge_id":27,"type":"static","content":"vrnctf{wh4t_d0_u_kn0w_ab4ut_bl0ck_c1ph3rs}","data":"case_insensitive"},{"id":668,"challenge_id":55,"type":"static","content":"vrnctf{h1dd3n}","data":null},{"id":671,"challenge_id":58,"type":"static","content":"vrnctf{cf0ceeba5a2943bc1ac6b671b049bf4a}","data":null},{"id":673,"challenge_id":29,"type":"static","content":"vrnctf{scp0_mystery1_go2_reverse3}","data":null},{"id":676,"challenge_id":32,"type":"static","content":"vrnctf{sh41_h4s1ng}","data":"case_insensitive"},{"id":679,"challenge_id":34,"type":"static","content":"vrnctf{b0r1ng_x0r1ng_x0r1ng_b0r1ng}","data":"case_insensitive"},{"id":681,"challenge_id":25,"type":"static","content":"vrnctf{do_not_fear_the_reaper}","data":"case_insensitive"},{"id":682,"challenge_id":36,"type":"static","content":"vrnctf{hidd3n_v3ry_hidd3n}","data":null},{"id":684,"challenge_id":85,"type":"static","content":"vrnctf{0ld_but_g0ld}","data":null},{"id":686,"challenge_id":61,"type":"static","content":"vrnctf{b1g1nt_fort9ne_tell3r}","data":null},{"id":689,"challenge_id":38,"type":"static","content":"vrnctf{co33elation_m5nip5lat10n_m4st3r}","data":null},{"id":690,"challenge_id":41,"type":"static","content":"vrnctf{be5t_l1near_br7te_s0lv5r}","data":null},{"id":692,"challenge_id":15,"type":"static","content":"vrnctf{t0mography_g0ne_wrong}","data":"case_insensitive"},{"id":693,"challenge_id":64,"type":"static","content":"vrnctf{d3f4ul7_4ppl1c4710n}","data":null},{"id":695,"challenge_id":49,"type":"static","content":"vrnctf{pr0c_r34d3r_ch4mp10n}","data":null},{"id":696,"challenge_id":65,"type":"static","content":"vrnctf{kub3rh475k3r_c0nf16m4p3r}","data":null},{"id":698,"challenge_id":44,"type":"static","content":"vrnctf{f6ce_f0rens1s_sh3rl0ck}","data":null},{"id":701,"challenge_id":67,"type":"static","content":"vrnctf{000h_3nv_m4573r_53mp44441}","data":null},{"id":702,"challenge_id":47,"type":"static","content":"vrnctf{sq1_un1on_uni3n_un20n}","data":null},{"id":703,"challenge_id":79,"type":"static","content":"vrnctf{n0d3_hun73r}","data":null},{"id":704,"challenge_id":70,"type":"static","content":"vrnctf{secr7t_3cp_inf0}","data":null},{"id":705,"challenge_id":13,"type":"static","content":"vrnctf{Scp_1337_w3b_sh311}","data":""},{"id":707,"challenge_id":22,"type":"regex","content":"vrnctf{69_37_N_98_41_W_4H_(\\d+)M_(\\d+)S}","data":"case_insensitive"}],"meta":{}}