{"count":1,"results":[{"id":3,"title":"None","route":"index","content":"<div class=\"row\">\r\n    <div class=\"col-md-6 offset-md-3\">\r\n        <img class=\"w-100 mx-auto d-block\" style=\"max-width: 500px;padding: 50px;padding-top: 14vh;\" src=\"/files/5a62b5646d632628d6f0be3ff2de4e26/2023.svg\" />\r\n        <h3 class=\"text-center\">\r\n            <p>\u041f\u044f\u0442\u044b\u0435 \u043e\u0442\u043a\u0440\u044b\u0442\u044b\u0435 \u0441\u043e\u0440\u0435\u0432\u043d\u043e\u0432\u0430\u043d\u0438\u044f \u043f\u043e [DELETED] \u0432\u0437\u043b\u043e\u043c\u0443 <a href=\"https://www.cs.vsu.ru/vrnctf/index.php\">VrnCTF-2023 -- SCP</a></p>\r\n          <b>\r\n            <p>\u0414\u043e \u043d\u0430\u0447\u0430\u043b\u0430:</p>\r\n            <p id=\"demo\"></p>\r\n          </b>\r\n            <p>\u041f\u0440\u0438\u0445\u043e\u0434\u0438\u0442\u0435 \u043d\u0430 \u043d\u0430\u0448 Discord \u0441\u0435\u0440\u0432\u0435\u0440:</p>\r\n            <a href=\"https://discord.gg/wuAEbHMy8y\"><img src=\"/files/6a37fb39391aa5ee09ea950d23163cd8/discord-mark-white.png\" width=\"300\" height=\"200\"></img></a>&nbsp;\r\n        </h3>\r\n        <br>\r\n    </div>\r\n</div>\r\n\r\n<script>\r\n  // Set the date we're counting down to\r\nvar countDownDate = new Date(\"Mar 26, 2023 11:30:00\").getTime();\r\n\r\n// Update the count down every 1 second\r\nvar x = setInterval(function() {\r\n\r\n  // Get todays date and time\r\n  var now = new Date().getTime();\r\n\r\n  // Find the distance between now an the count down date\r\n  var distance = countDownDate - now;\r\n\r\n  // Time calculations for days, hours, minutes and seconds\r\n  var days = Math.floor(distance / (1000 * 60 * 60 * 24));\r\n  var hours = Math.floor((distance % (1000 * 60 * 60 * 24)) / (1000 * 60 * 60));\r\n  var minutes = Math.floor((distance % (1000 * 60 * 60)) / (1000 * 60));\r\n  var seconds = Math.floor((distance % (1000 * 60)) / 1000);\r\n\r\n  // Display the result in an element with id=\"demo\"\r\n  document.getElementById(\"demo\").innerHTML = days + \"d \" + hours + \"h \"\r\n  + minutes + \"m \" + seconds + \"s \";\r\n\r\n  // If the count down is finished, write some text\r\n  if (distance < 0) {\r\n    clearInterval(x);\r\n    document.getElementById(\"demo\").innerHTML = \"GG\";\r\n  }\r\n}, 1000);\r\n</script>","draft":0,"hidden":0,"auth_required":0,"format":"markdown"}],"meta":{}}