{"count":110,"results":[{"id":3,"challenge_id":7,"user_id":3,"team_id":3},{"id":4,"challenge_id":12,"user_id":3,"team_id":3},{"id":7,"challenge_id":13,"user_id":3,"team_id":3},{"id":10,"challenge_id":4,"user_id":3,"team_id":3},{"id":11,"challenge_id":10,"user_id":3,"team_id":3},{"id":14,"challenge_id":44,"user_id":3,"team_id":3},{"id":17,"challenge_id":47,"user_id":3,"team_id":3},{"id":20,"challenge_id":38,"user_id":3,"team_id":3},{"id":23,"challenge_id":41,"user_id":3,"team_id":3},{"id":26,"challenge_id":36,"user_id":3,"team_id":3},{"id":29,"challenge_id":29,"user_id":3,"team_id":3},{"id":30,"challenge_id":70,"user_id":3,"team_id":3},{"id":34,"challenge_id":58,"user_id":3,"team_id":3},{"id":37,"challenge_id":55,"user_id":3,"team_id":3},{"id":40,"challenge_id":32,"user_id":3,"team_id":3},{"id":43,"challenge_id":34,"user_id":3,"team_id":3},{"id":45,"challenge_id":27,"user_id":3,"team_id":3},{"id":48,"challenge_id":84,"user_id":23,"team_id":12},{"id":54,"challenge_id":84,"user_id":16,"team_id":6},{"id":59,"challenge_id":84,"user_id":21,"team_id":9},{"id":64,"challenge_id":84,"user_id":92,"team_id":20},{"id":66,"challenge_id":84,"user_id":85,"team_id":21},{"id":69,"challenge_id":84,"user_id":78,"team_id":17},{"id":71,"challenge_id":84,"user_id":96,"team_id":23},{"id":74,"challenge_id":84,"user_id":28,"team_id":8},{"id":75,"challenge_id":84,"user_id":106,"team_id":24},{"id":83,"challenge_id":44,"user_id":69,"team_id":17},{"id":89,"challenge_id":1,"user_id":52,"team_id":12},{"id":93,"challenge_id":10,"user_id":5,"team_id":6},{"id":99,"challenge_id":44,"user_id":64,"team_id":12},{"id":108,"challenge_id":29,"user_id":87,"team_id":20},{"id":122,"challenge_id":70,"user_id":22,"team_id":6},{"id":141,"challenge_id":44,"user_id":28,"team_id":8},{"id":144,"challenge_id":7,"user_id":98,"team_id":20},{"id":145,"challenge_id":44,"user_id":22,"team_id":6},{"id":159,"challenge_id":49,"user_id":7,"team_id":8},{"id":164,"challenge_id":67,"user_id":7,"team_id":8},{"id":183,"challenge_id":7,"user_id":59,"team_id":17},{"id":200,"challenge_id":47,"user_id":78,"team_id":17},{"id":201,"challenge_id":67,"user_id":13,"team_id":6},{"id":204,"challenge_id":49,"user_id":13,"team_id":6},{"id":211,"challenge_id":70,"user_id":67,"team_id":17},{"id":221,"challenge_id":29,"user_id":110,"team_id":6},{"id":227,"challenge_id":7,"user_id":5,"team_id":6},{"id":229,"challenge_id":44,"user_id":102,"team_id":23},{"id":275,"challenge_id":25,"user_id":78,"team_id":17},{"id":276,"challenge_id":13,"user_id":5,"team_id":6},{"id":278,"challenge_id":10,"user_id":69,"team_id":17},{"id":281,"challenge_id":26,"user_id":69,"team_id":17},{"id":284,"challenge_id":41,"user_id":10,"team_id":6},{"id":287,"challenge_id":1,"user_id":78,"team_id":17},{"id":297,"challenge_id":4,"user_id":101,"team_id":23},{"id":299,"challenge_id":10,"user_id":101,"team_id":23},{"id":302,"challenge_id":67,"user_id":78,"team_id":17},{"id":303,"challenge_id":49,"user_id":78,"team_id":17},{"id":307,"challenge_id":4,"user_id":5,"team_id":6},{"id":314,"challenge_id":67,"user_id":21,"team_id":9},{"id":318,"challenge_id":84,"user_id":135,"team_id":35},{"id":321,"challenge_id":25,"user_id":123,"team_id":23},{"id":323,"challenge_id":47,"user_id":22,"team_id":6},{"id":326,"challenge_id":49,"user_id":21,"team_id":9},{"id":329,"challenge_id":12,"user_id":5,"team_id":6},{"id":330,"challenge_id":4,"user_id":98,"team_id":20},{"id":335,"challenge_id":29,"user_id":69,"team_id":17},{"id":345,"challenge_id":26,"user_id":74,"team_id":12},{"id":365,"challenge_id":36,"user_id":78,"team_id":17},{"id":372,"challenge_id":73,"user_id":123,"team_id":23},{"id":396,"challenge_id":25,"user_id":16,"team_id":6},{"id":398,"challenge_id":12,"user_id":59,"team_id":17},{"id":399,"challenge_id":44,"user_id":142,"team_id":24},{"id":403,"challenge_id":7,"user_id":101,"team_id":23},{"id":406,"challenge_id":73,"user_id":110,"team_id":6},{"id":408,"challenge_id":73,"user_id":64,"team_id":12},{"id":410,"challenge_id":4,"user_id":59,"team_id":17},{"id":425,"challenge_id":61,"user_id":10,"team_id":6},{"id":432,"challenge_id":26,"user_id":16,"team_id":6},{"id":434,"challenge_id":12,"user_id":101,"team_id":23},{"id":443,"challenge_id":36,"user_id":5,"team_id":6},{"id":450,"challenge_id":85,"user_id":19,"team_id":6},{"id":488,"challenge_id":76,"user_id":5,"team_id":6},{"id":518,"challenge_id":32,"user_id":62,"team_id":17},{"id":540,"challenge_id":61,"user_id":78,"team_id":17},{"id":543,"challenge_id":29,"user_id":101,"team_id":23},{"id":571,"challenge_id":84,"user_id":146,"team_id":38},{"id":629,"challenge_id":26,"user_id":118,"team_id":8},{"id":636,"challenge_id":32,"user_id":146,"team_id":38},{"id":650,"challenge_id":70,"user_id":7,"team_id":8},{"id":711,"challenge_id":15,"user_id":81,"team_id":12},{"id":774,"challenge_id":13,"user_id":59,"team_id":17},{"id":783,"challenge_id":1,"user_id":98,"team_id":20},{"id":788,"challenge_id":26,"user_id":102,"team_id":23},{"id":810,"challenge_id":1,"user_id":5,"team_id":6},{"id":818,"challenge_id":25,"user_id":81,"team_id":12},{"id":830,"challenge_id":22,"user_id":69,"team_id":17},{"id":836,"challenge_id":61,"user_id":21,"team_id":9},{"id":840,"challenge_id":49,"user_id":64,"team_id":12},{"id":842,"challenge_id":7,"user_id":28,"team_id":8},{"id":855,"challenge_id":4,"user_id":64,"team_id":12},{"id":867,"challenge_id":65,"user_id":7,"team_id":8},{"id":874,"challenge_id":67,"user_id":23,"team_id":12},{"id":880,"challenge_id":21,"user_id":19,"team_id":6},{"id":887,"challenge_id":52,"user_id":5,"team_id":6},{"id":889,"challenge_id":36,"user_id":102,"team_id":23},{"id":895,"challenge_id":1,"user_id":101,"team_id":23},{"id":897,"challenge_id":41,"user_id":78,"team_id":17},{"id":909,"challenge_id":32,"user_id":110,"team_id":6},{"id":912,"challenge_id":21,"user_id":78,"team_id":17},{"id":924,"challenge_id":52,"user_id":69,"team_id":17},{"id":934,"challenge_id":49,"user_id":102,"team_id":23},{"id":937,"challenge_id":13,"user_id":101,"team_id":23}],"meta":{}}