{"count":16,"results":[{"id":3,"oauth_id":null,"name":"ONO","email":null,"password":"$bcrypt-sha256$v=2,t=2b,r=12$uq7U9rRoN21QoviUGf7V/e$Sx1.uiYnmsvdWOmZBXTRZl3KZtG9ny.","secret":null,"website":null,"affiliation":null,"country":null,"bracket":null,"hidden":1,"banned":0,"created":"2023-03-24T23:19:47.260730","captain_id":3},{"id":6,"oauth_id":null,"name":"Red Cadets","email":null,"password":"$bcrypt-sha256$v=2,t=2b,r=12$ZG1uJ3gsWM2anszIkOn4se$M1UFYbiYxOW3QJdAVydAk98VQ/2Cssy","secret":null,"website":null,"affiliation":null,"country":null,"bracket":null,"hidden":0,"banned":0,"created":"2023-03-26T08:23:56.260102","captain_id":5},{"id":8,"oauth_id":null,"name":"DROPTABLE","email":null,"password":"$bcrypt-sha256$v=2,t=2b,r=12$rgUHKg.hpPwVq8Vg0pgb9O$nTB3gUg5snSfVMn7Z/plaolVHoFY0sa","secret":null,"website":null,"affiliation":null,"country":null,"bracket":null,"hidden":0,"banned":0,"created":"2023-03-26T08:25:07.550673","captain_id":7},{"id":9,"oauth_id":null,"name":"xls team","email":null,"password":"$bcrypt-sha256$v=2,t=2b,r=12$AFclggoxjK0G5d8rno4Qp.$nfvh/nJFdIgnzGburaO.BABB6CbG0FC","secret":null,"website":"https://github.com/maximxlss","affiliation":"\u041c\u0411\u041e\u0423 \u0421\u041e\u0428 \u211610 \u0433. \u0420\u043e\u0441\u0441\u043e\u0448\u0438","country":"","bracket":null,"hidden":0,"banned":0,"created":"2023-03-26T08:27:01.046868","captain_id":21},{"id":12,"oauth_id":null,"name":"dd","email":null,"password":"$bcrypt-sha256$v=2,t=2b,r=12$qYbF3wZw99vlgJXsb6ydfO$8fTCyfQNTkBOOPvS7wnuM8B2TnW5jge","secret":null,"website":null,"affiliation":null,"country":null,"bracket":null,"hidden":0,"banned":0,"created":"2023-03-26T08:28:28.049863","captain_id":23},{"id":17,"oauth_id":null,"name":"N0N@me13","email":null,"password":"$bcrypt-sha256$v=2,t=2b,r=12$UzNISu956knOsqR3iu8mo.$ynDACjysCeaDYZnVfp3ag2qAoxeNCHO","secret":null,"website":null,"affiliation":null,"country":null,"bracket":null,"hidden":0,"banned":0,"created":"2023-03-26T08:34:27.263892","captain_id":59},{"id":20,"oauth_id":null,"name":"Team8teen","email":null,"password":"$bcrypt-sha256$v=2,t=2b,r=12$YvJ98zY79VDr8n410wNzM.$yvGCbPamheYF2KqMBT/7j6ofQajqkte","secret":null,"website":"","affiliation":"","country":"","bracket":null,"hidden":0,"banned":0,"created":"2023-03-26T08:41:49.347158","captain_id":87},{"id":21,"oauth_id":null,"name":"Disc","email":null,"password":"$bcrypt-sha256$v=2,t=2b,r=12$hvDrtQSoXzC4U/Vd7tTF4.$t7xpOagl/raPg0AeLuHg8sOPVajHdTy","secret":null,"website":null,"affiliation":null,"country":null,"bracket":null,"hidden":0,"banned":0,"created":"2023-03-26T08:42:08.543157","captain_id":85},{"id":23,"oauth_id":null,"name":"Team8","email":null,"password":"$bcrypt-sha256$v=2,t=2b,r=12$B.iLLEXy6GeZBM5LiD2xl.$WKJcWFcUcoSH98AjxKeBVzUKZg8Pku6","secret":null,"website":null,"affiliation":null,"country":null,"bracket":null,"hidden":0,"banned":0,"created":"2023-03-26T08:42:35.036294","captain_id":101},{"id":24,"oauth_id":null,"name":"squad_417","email":null,"password":"$bcrypt-sha256$v=2,t=2b,r=12$Bm7Jgh6aizIWliwyxadRKu$a1caFDzVy010mBbgxPC4JoHqZX8xS7O","secret":null,"website":"","affiliation":"","country":"RU","bracket":null,"hidden":0,"banned":0,"created":"2023-03-26T08:47:08.752570","captain_id":106},{"id":26,"oauth_id":null,"name":"rdrd","email":null,"password":"$bcrypt-sha256$v=2,t=2b,r=12$KA/9FwRqGRABqKNJssCRi.$gM7C.C7eibYe6X/QpHISWRw0TyRSwWO","secret":null,"website":null,"affiliation":null,"country":null,"bracket":null,"hidden":0,"banned":0,"created":"2023-03-26T08:50:02.757444","captain_id":109},{"id":31,"oauth_id":null,"name":"ABC","email":null,"password":"$bcrypt-sha256$v=2,t=2b,r=12$4RwBHfb7zWTFUm.0X/H5se$oZ76BJeNfcY9POTT0v1cPUYxuNUk4ge","secret":null,"website":null,"affiliation":null,"country":null,"bracket":null,"hidden":0,"banned":0,"created":"2023-03-26T10:05:40.949280","captain_id":131},{"id":32,"oauth_id":null,"name":"Les Cadets Rouges","email":null,"password":"$bcrypt-sha256$v=2,t=2b,r=12$VKs00dh3FkIWYK6aYCjgcu$xKczeqgMYZsD22LkVh8zpsfx8hvV3Ve","secret":null,"website":null,"affiliation":null,"country":null,"bracket":null,"hidden":0,"banned":0,"created":"2023-03-26T10:15:06.154648","captain_id":134},{"id":35,"oauth_id":null,"name":"qweqwe","email":null,"password":"$bcrypt-sha256$v=2,t=2b,r=12$dh9hOmDRG6f.vF3Gxr1UM.$WgvA7SC2I/6N0tT.e0J0IA4uURqfw..","secret":null,"website":null,"affiliation":null,"country":null,"bracket":null,"hidden":0,"banned":0,"created":"2023-03-26T10:33:46.156262","captain_id":135},{"id":36,"oauth_id":null,"name":"Kruasann","email":null,"password":"$bcrypt-sha256$v=2,t=2b,r=12$RvtQBHkmyxScTcsYgXNsy.$ycBIh6a5F.9HGogxHbCL43L6rhkmH46","secret":null,"website":null,"affiliation":null,"country":null,"bracket":null,"hidden":0,"banned":0,"created":"2023-03-26T11:46:16.261370","captain_id":145},{"id":38,"oauth_id":null,"name":"\u041a\u041b\u0421","email":null,"password":"$bcrypt-sha256$v=2,t=2b,r=12$TLTXRETHMGxfvdOqtWHH/u$oA2.8JHdfAsDIeoCRBrD9mUyn.CQFqO","secret":null,"website":null,"affiliation":null,"country":null,"bracket":null,"hidden":0,"banned":0,"created":"2023-03-26T11:52:55.358428","captain_id":146}],"meta":{}}