{"count":27,"results":[{"id":2,"user_id":3,"team_id":3,"target":60,"date":"2023-03-26T05:53:42.394878","type":"hints"},{"id":4,"user_id":3,"team_id":3,"target":62,"date":"2023-03-26T05:53:52.089824","type":"hints"},{"id":6,"user_id":3,"team_id":3,"target":64,"date":"2023-03-26T05:54:41.426067","type":"hints"},{"id":7,"user_id":3,"team_id":3,"target":65,"date":"2023-03-26T05:54:48.378375","type":"hints"},{"id":9,"user_id":3,"team_id":3,"target":56,"date":"2023-03-26T05:55:33.147341","type":"hints"},{"id":10,"user_id":3,"team_id":3,"target":58,"date":"2023-03-26T05:56:25.981453","type":"hints"},{"id":13,"user_id":3,"team_id":3,"target":59,"date":"2023-03-26T05:56:30.908174","type":"hints"},{"id":15,"user_id":3,"team_id":3,"target":70,"date":"2023-03-26T06:00:30.747991","type":"hints"},{"id":18,"user_id":3,"team_id":3,"target":67,"date":"2023-03-26T06:03:50.706226","type":"hints"},{"id":19,"user_id":3,"team_id":3,"target":124,"date":"2023-03-26T07:18:42.811279","type":"hints"},{"id":22,"user_id":3,"team_id":3,"target":114,"date":"2023-03-26T07:26:34.293062","type":"hints"},{"id":25,"user_id":3,"team_id":3,"target":115,"date":"2023-03-26T07:26:42.355627","type":"hints"},{"id":27,"user_id":3,"team_id":3,"target":106,"date":"2023-03-26T07:26:53.772595","type":"hints"},{"id":29,"user_id":92,"team_id":20,"target":166,"date":"2023-03-26T09:58:46.931842","type":"hints"},{"id":32,"user_id":135,"team_id":35,"target":166,"date":"2023-03-26T10:35:22.769801","type":"hints"},{"id":33,"user_id":135,"team_id":35,"target":220,"date":"2023-03-26T11:19:58.548682","type":"hints"},{"id":36,"user_id":142,"team_id":24,"target":223,"date":"2023-03-26T11:21:02.642125","type":"hints"},{"id":39,"user_id":21,"team_id":9,"target":283,"date":"2023-03-26T11:59:13.096962","type":"hints"},{"id":41,"user_id":52,"team_id":12,"target":283,"date":"2023-03-26T11:59:33.775423","type":"hints"},{"id":42,"user_id":10,"team_id":6,"target":278,"date":"2023-03-26T12:33:12.457749","type":"hints"},{"id":45,"user_id":5,"team_id":6,"target":255,"date":"2023-03-26T13:04:50.764020","type":"hints"},{"id":48,"user_id":22,"team_id":6,"target":254,"date":"2023-03-26T13:05:06.646723","type":"hints"},{"id":51,"user_id":21,"team_id":9,"target":296,"date":"2023-03-26T13:05:16.943851","type":"hints"},{"id":52,"user_id":13,"team_id":6,"target":296,"date":"2023-03-26T13:09:21.554989","type":"hints"},{"id":55,"user_id":21,"team_id":9,"target":278,"date":"2023-03-26T13:11:01.298820","type":"hints"},{"id":58,"user_id":102,"team_id":23,"target":280,"date":"2023-03-26T13:33:56.566368","type":"hints"},{"id":60,"user_id":148,"team_id":38,"target":274,"date":"2023-03-26T14:11:48.199009","type":"hints"}],"meta":{}}