{"count":72,"results":[{"id":3,"oauth_id":null,"name":"admin","password":"$bcrypt-sha256$v=2,t=2b,r=12$P92FACBo9kL74SZpTKR7Uu$0dvEQzs56xcJQym2DAWVh3UBdMu6sqi","email":"hakimov_l_n@sc.vsu.ru","type":"admin","secret":null,"website":null,"affiliation":null,"country":null,"bracket":null,"hidden":1,"banned":0,"verified":0,"team_id":3,"created":"2023-03-24T22:56:33.085623"},{"id":5,"oauth_id":null,"name":"b1bas","password":"$bcrypt-sha256$v=2,t=2b,r=12$OfZ/8vOS3aFc1BofT3n0d.$h5kCUxYN0JIZUOqSkHIvwn0YE9pctSe","email":"chichalovmail@gmail.com","type":"user","secret":null,"website":null,"affiliation":null,"country":null,"bracket":null,"hidden":0,"banned":0,"verified":0,"team_id":6,"created":"2023-03-26T08:23:30.562591"},{"id":7,"oauth_id":null,"name":"WAR_S","password":"$bcrypt-sha256$v=2,t=2b,r=12$PYbDN/Tfq9ajOi51tKDxHe$Hhoj8VrXYjxVb391S5hZTi4zoazTeK.","email":"f3doro2@gmail.com","type":"user","secret":null,"website":null,"affiliation":null,"country":null,"bracket":null,"hidden":0,"banned":0,"verified":0,"team_id":8,"created":"2023-03-26T08:24:29.840398"},{"id":10,"oauth_id":null,"name":"Inssurg3nt","password":"$bcrypt-sha256$v=2,t=2b,r=12$0psuTUi0PreTBUk1kz78Zu$AiLT8iFKwGnMtlng9aFLdLDlTHzO5qO","email":"blackwear240@gmail.com","type":"user","secret":null,"website":null,"affiliation":null,"country":null,"bracket":null,"hidden":0,"banned":0,"verified":0,"team_id":6,"created":"2023-03-26T08:25:00.047277"},{"id":13,"oauth_id":null,"name":"Po4est","password":"$bcrypt-sha256$v=2,t=2b,r=12$3Mvd.vHOF9t2.Bgq4TSPse$Ubt6HjPD9MAiNrfwf51.tICdNa//zxm","email":"amen.god00@mail.ru","type":"user","secret":null,"website":null,"affiliation":null,"country":null,"bracket":null,"hidden":0,"banned":0,"verified":0,"team_id":6,"created":"2023-03-26T08:25:06.546312"},{"id":16,"oauth_id":null,"name":"EGM","password":"$bcrypt-sha256$v=2,t=2b,r=12$yJlsRA4MJJ.tBKyHSMwOMu$lwBOHJ9luPhzElwLXHhU26VNReGLu.S","email":"ogromov171@gmail.com","type":"user","secret":null,"website":null,"affiliation":null,"country":null,"bracket":null,"hidden":0,"banned":0,"verified":0,"team_id":6,"created":"2023-03-26T08:25:08.658058"},{"id":19,"oauth_id":null,"name":"0xR1st0","password":"$bcrypt-sha256$v=2,t=2b,r=12$/maAN3DKokb1zjOmRrdsou$5I/KDI9u9mDYta9LQpEtbpgh9hs6nhO","email":"k4pt3r@mail.ru","type":"user","secret":null,"website":null,"affiliation":null,"country":null,"bracket":null,"hidden":0,"banned":0,"verified":0,"team_id":6,"created":"2023-03-26T08:25:09.843877"},{"id":21,"oauth_id":null,"name":"maximxls","password":"$bcrypt-sha256$v=2,t=2b,r=12$5Rewsl5TIJud/bdqfFmiIO$QEiTuxdoJk9WUE1QMWlOaEfmInm3FLm","email":"maximxlssoff@gmail.com","type":"user","secret":null,"website":"https://github.com/maximxlss","affiliation":null,"country":null,"bracket":null,"hidden":0,"banned":0,"verified":0,"team_id":9,"created":"2023-03-26T08:26:19.853213"},{"id":22,"oauth_id":null,"name":"chuk","password":"$bcrypt-sha256$v=2,t=2b,r=12$tgC6MDzTnoQJsr08z7OfeO$EG97wuFfxSLBZkhYiTtL43Fov/tYVEu","email":"vovkachuk@gmail.com","type":"user","secret":null,"website":null,"affiliation":null,"country":null,"bracket":null,"hidden":0,"banned":0,"verified":0,"team_id":6,"created":"2023-03-26T08:27:16.253035"},{"id":23,"oauth_id":null,"name":"123456","password":"$bcrypt-sha256$v=2,t=2b,r=12$8uOXY5Cf/68xrf5SsfzSA.$I1jn4Oek/jBgo6sEKKfLglF.1EENWZS","email":"semlesha0@yandex.ru","type":"user","secret":null,"website":null,"affiliation":null,"country":null,"bracket":null,"hidden":0,"banned":0,"verified":0,"team_id":12,"created":"2023-03-26T08:27:29.250831"},{"id":26,"oauth_id":null,"name":"Weldnor","password":"$bcrypt-sha256$v=2,t=2b,r=12$vDVT9ZpV7q2WfVEtD/pwze$3sJg2lyVO9LetRyJTYrXosEFDGpOdnG","email":"kolesov.anton.s@gmail.com","type":"user","secret":null,"website":null,"affiliation":null,"country":null,"bracket":null,"hidden":0,"banned":0,"verified":0,"team_id":null,"created":"2023-03-26T08:27:43.438790"},{"id":28,"oauth_id":null,"name":"Trufanov Artem","password":"$bcrypt-sha256$v=2,t=2b,r=12$.MJXZG7G4/FNvtiADsjJOO$eZKtKFkOBCG2q0woa5FjZB3oHynRUk6","email":"blvckmtv@gmail.com","type":"user","secret":null,"website":null,"affiliation":null,"country":null,"bracket":null,"hidden":0,"banned":0,"verified":0,"team_id":8,"created":"2023-03-26T08:28:26.567426"},{"id":31,"oauth_id":null,"name":"Chiyuu","password":"$bcrypt-sha256$v=2,t=2b,r=12$N6wnRBtsgESYQYVJt3Vcje$XDZi5rBpcpCVfYNZZ4S/osVROTZr/qi","email":"sestrunay13@gmail.com","type":"user","secret":null,"website":"https://t.me/chiyuu2707","affiliation":null,"country":"RU","bracket":null,"hidden":0,"banned":0,"verified":0,"team_id":null,"created":"2023-03-26T08:28:36.749400"},{"id":33,"oauth_id":null,"name":"Dimentorino","password":"$bcrypt-sha256$v=2,t=2b,r=12$DDgyD22Qah.mB04sY.kmuO$C.hb0gqC/CCWYuPwLUS5Q20Sczr0tB6","email":"dimon-112g@yandex.ru","type":"user","secret":null,"website":null,"affiliation":null,"country":null,"bracket":null,"hidden":0,"banned":0,"verified":0,"team_id":null,"created":"2023-03-26T08:28:39.665319"},{"id":35,"oauth_id":null,"name":"kaside","password":"$bcrypt-sha256$v=2,t=2b,r=12$GJjSKmTSooDjkp4gtHJlge$MdVkqOfn2vZO339Al7.03OEVikSryre","email":"tutivanna2@gmail.com","type":"user","secret":null,"website":null,"affiliation":null,"country":"RU","bracket":null,"hidden":0,"banned":0,"verified":0,"team_id":null,"created":"2023-03-26T08:29:08.463267"},{"id":38,"oauth_id":null,"name":"aurelvu","password":"$bcrypt-sha256$v=2,t=2b,r=12$hUY2X/FU5hktDkenrxMB.u$I9jXsw5cZrUCffgLD7Ixcd3wnRV8hLm","email":"aurel.vu@ya.ru","type":"user","secret":null,"website":"https://vk.com/aurelvu","affiliation":"VSU","country":"RU","bracket":null,"hidden":0,"banned":0,"verified":0,"team_id":null,"created":"2023-03-26T08:29:23.242903"},{"id":41,"oauth_id":null,"name":"PheonexDemon","password":"$bcrypt-sha256$v=2,t=2b,r=12$wq0YW6p1Yp/TNxhHSnetju$i/f6vY62MtnRd4G8vHo.CTprAQOfFny","email":"nikmoroz2002@yandex.ru","type":"user","secret":null,"website":null,"affiliation":null,"country":null,"bracket":null,"hidden":0,"banned":0,"verified":0,"team_id":null,"created":"2023-03-26T08:29:31.260274"},{"id":43,"oauth_id":null,"name":"Kaneki Ken","password":"$bcrypt-sha256$v=2,t=2b,r=12$AqIJPRoYnoULxpa.dMD2ke$WNerXfUjv4hTxenzT4djinskFyH8Pde","email":"tyler532@yandex.ru","type":"user","secret":null,"website":"http://www.1000-7.jp","affiliation":null,"country":"JP","bracket":null,"hidden":0,"banned":0,"verified":0,"team_id":null,"created":"2023-03-26T08:29:36.744873"},{"id":46,"oauth_id":null,"name":"iriska","password":"$bcrypt-sha256$v=2,t=2b,r=12$7.b39QL/4L4D/ELiDSXKYO$dpB48VlQM87WOMFQYZoQJ.CkjGTPeum","email":"sveta.maslennikova@gmail.com","type":"user","secret":null,"website":null,"affiliation":null,"country":null,"bracket":null,"hidden":0,"banned":0,"verified":0,"team_id":null,"created":"2023-03-26T08:30:56.756618"},{"id":49,"oauth_id":null,"name":"Dmitriy.s.k","password":"$bcrypt-sha256$v=2,t=2b,r=12$G4g/17kSaDfcRfXv7Qum1e$.EonnpD/eokkiOMywwOv5QPQb4b/ALK","email":"dmitriy.s.k72@yandex.ru","type":"user","secret":null,"website":null,"affiliation":null,"country":null,"bracket":null,"hidden":0,"banned":0,"verified":0,"team_id":null,"created":"2023-03-26T08:31:14.643687"},{"id":52,"oauth_id":null,"name":"VLADISLAV_BUR","password":"$bcrypt-sha256$v=2,t=2b,r=12$DeIEbh1c0.nLi4/BU2mfsO$LaSAh5I5OaxoYOpaJ.PfzUVgy5.CuTy","email":"buryan5555@gmail.com","type":"user","secret":null,"website":null,"affiliation":null,"country":null,"bracket":null,"hidden":0,"banned":0,"verified":0,"team_id":12,"created":"2023-03-26T08:32:59.359447"},{"id":54,"oauth_id":null,"name":"proxymonster","password":"$bcrypt-sha256$v=2,t=2b,r=12$VU.QvB6mSftahPymuXlbJ.$GpIG6GONMCoNiKfqXl6hXPjmt7KeqIi","email":"martial.jays-0z@icloud.com","type":"user","secret":null,"website":null,"affiliation":null,"country":null,"bracket":null,"hidden":0,"banned":0,"verified":0,"team_id":null,"created":"2023-03-26T08:33:21.843186"},{"id":56,"oauth_id":null,"name":"TruEngMan","password":"$bcrypt-sha256$v=2,t=2b,r=12$T2a.RNL2wmDS0VtFM7WeJe$mIu/s64fWnENr1VRcnBdfYQymAAqtxe","email":"tkachivko@mail.ru","type":"user","secret":null,"website":null,"affiliation":null,"country":null,"bracket":null,"hidden":0,"banned":0,"verified":0,"team_id":null,"created":"2023-03-26T08:33:37.664277"},{"id":57,"oauth_id":null,"name":"maiqandiz","password":"$bcrypt-sha256$v=2,t=2b,r=12$3ZbSS0IFNbNqMdnH959U1O$sKOtQoLLXd.hKfNUNyDc/JxTm3uoxni","email":"maiqandiz@gmail.com","type":"user","secret":null,"website":null,"affiliation":null,"country":null,"bracket":null,"hidden":0,"banned":0,"verified":0,"team_id":null,"created":"2023-03-26T08:33:43.147079"},{"id":59,"oauth_id":null,"name":"kn0ckout13","password":"$bcrypt-sha256$v=2,t=2b,r=12$js1P9j89RRHPMzl3TMFvEO$CHvNsl8mZPGw08.0Og9aPyfrRlmmFAi","email":"pavelvetrov5725@gmail.com","type":"user","secret":null,"website":null,"affiliation":null,"country":null,"bracket":null,"hidden":0,"banned":0,"verified":0,"team_id":17,"created":"2023-03-26T08:33:52.844477"},{"id":60,"oauth_id":null,"name":"Kolya","password":"$bcrypt-sha256$v=2,t=2b,r=12$kttUf0NEIGM7uD6mnRYVr.$ClWyKhWVmpvLiM/qnjINuJNmBafH12i","email":"farada5@mail.ru","type":"user","secret":null,"website":null,"affiliation":null,"country":null,"bracket":null,"hidden":0,"banned":0,"verified":0,"team_id":null,"created":"2023-03-26T08:33:57.546915"},{"id":62,"oauth_id":null,"name":"AFANX","password":"$bcrypt-sha256$v=2,t=2b,r=12$j/9BprnFlhYGKPOVT3pEDe$m1bXWCSAzM0WznQfJzWdDsPYmzctNoi","email":"maccept.a@gmail.com","type":"user","secret":null,"website":null,"affiliation":null,"country":null,"bracket":null,"hidden":0,"banned":0,"verified":0,"team_id":17,"created":"2023-03-26T08:33:59.958997"},{"id":64,"oauth_id":null,"name":"Neltharion","password":"$bcrypt-sha256$v=2,t=2b,r=12$5d5lpZ0hzgY72TEYPDldn.$yqsHrsiGqx/LCd6eCSbWhNOOt/Kt6Vm","email":"powerpuffluvv11@gmail.com","type":"user","secret":null,"website":null,"affiliation":null,"country":null,"bracket":null,"hidden":0,"banned":0,"verified":0,"team_id":12,"created":"2023-03-26T08:34:05.039008"},{"id":66,"oauth_id":null,"name":"AnyaKanaryan","password":"$bcrypt-sha256$v=2,t=2b,r=12$V4Hw8eN6i1bD8CmBdJe1ve$1BRJTkUs6O5sMy5N80D6cCSGA1LUium","email":"kanaryan02@inbox.ru","type":"user","secret":null,"website":null,"affiliation":null,"country":null,"bracket":null,"hidden":0,"banned":0,"verified":0,"team_id":null,"created":"2023-03-26T08:34:09.050125"},{"id":67,"oauth_id":null,"name":"krispykroz","password":"$bcrypt-sha256$v=2,t=2b,r=12$AjFpxKZL4IKQqqxYspNn2.$E1dzOPfAPPRC2EPvgtcoXj.lha6V/46","email":"krispykroz@mail.ru","type":"user","secret":null,"website":null,"affiliation":null,"country":null,"bracket":null,"hidden":0,"banned":0,"verified":0,"team_id":17,"created":"2023-03-26T08:34:09.040293"},{"id":69,"oauth_id":null,"name":"bitset13r","password":"$bcrypt-sha256$v=2,t=2b,r=12$GIekZjou7A/2Ahm2ReX0Se$p06TNaEeWtmB16NgWfgZpkjUtK2Y./e","email":"yegors756@gmail.com","type":"user","secret":null,"website":null,"affiliation":null,"country":null,"bracket":null,"hidden":0,"banned":0,"verified":0,"team_id":17,"created":"2023-03-26T08:34:16.069469"},{"id":72,"oauth_id":null,"name":"NOBU","password":"$bcrypt-sha256$v=2,t=2b,r=12$CMWT7kxMBQXGb1SqyIJqhe$hhuckx9vZ6ml7b8sGCCd7F8W6L.Cnti","email":"akanem22@yandex.ru","type":"user","secret":null,"website":null,"affiliation":null,"country":null,"bracket":null,"hidden":0,"banned":0,"verified":0,"team_id":17,"created":"2023-03-26T08:34:31.140132"},{"id":74,"oauth_id":null,"name":"Danissimo","password":"$bcrypt-sha256$v=2,t=2b,r=12$.jHpxHUeuIfoa8tEforAoO$WZGdBHlRftmsMO6qWsjIA4B8rXdwc6O","email":"danila.strizhov@mail.ru","type":"user","secret":null,"website":null,"affiliation":null,"country":null,"bracket":null,"hidden":0,"banned":0,"verified":0,"team_id":12,"created":"2023-03-26T08:35:01.957442"},{"id":75,"oauth_id":null,"name":"asmnv","password":"$bcrypt-sha256$v=2,t=2b,r=12$j9MwmvTLmGWklEFNJNEime$Tb55koxpyM5Vrd0Lg5v2expJ9a10kC2","email":"a7n000v@gmail.com","type":"user","secret":null,"website":null,"affiliation":null,"country":null,"bracket":null,"hidden":0,"banned":0,"verified":0,"team_id":null,"created":"2023-03-26T08:35:14.545959"},{"id":78,"oauth_id":null,"name":"tdoll","password":"$bcrypt-sha256$v=2,t=2b,r=12$8jppunWZ3vvxfV7y9FEXaO$vnRTyC0R6VdR7xlfwQeRCzmFKiq2lb.","email":"t.doll.ak12@gmail.com","type":"user","secret":null,"website":null,"affiliation":null,"country":null,"bracket":null,"hidden":0,"banned":0,"verified":0,"team_id":17,"created":"2023-03-26T08:35:45.449379"},{"id":79,"oauth_id":null,"name":"Pavel38l","password":"$bcrypt-sha256$v=2,t=2b,r=12$SGDUWdvrAKweFh2MojjDde$R/vQMtSbNRzyYLahp5PUJhwOp1HRg2O","email":"serhioburdug@gmail.com","type":"user","secret":null,"website":null,"affiliation":null,"country":null,"bracket":null,"hidden":0,"banned":0,"verified":0,"team_id":null,"created":"2023-03-26T08:37:24.736556"},{"id":81,"oauth_id":null,"name":"tobi","password":"$bcrypt-sha256$v=2,t=2b,r=12$klm13aYPv1.Cvb8hyjEEzu$NYLWaYPIVBauvwirv9jXIsPduHcEl9u","email":"livnimebel@mail.ru","type":"user","secret":null,"website":null,"affiliation":null,"country":null,"bracket":null,"hidden":0,"banned":0,"verified":0,"team_id":12,"created":"2023-03-26T08:37:30.936498"},{"id":82,"oauth_id":null,"name":"Shrike","password":"$bcrypt-sha256$v=2,t=2b,r=12$l5YFu0r91gLzt1fGIoOK/O$Ieamb8y84lD3.sLsFliqTD4bEWn20I2","email":"va123ma@gmail.com","type":"user","secret":null,"website":null,"affiliation":null,"country":null,"bracket":null,"hidden":0,"banned":0,"verified":0,"team_id":null,"created":"2023-03-26T08:37:58.036544"},{"id":84,"oauth_id":null,"name":"skadinerfy","password":"$bcrypt-sha256$v=2,t=2b,r=12$EgzxB2pbX/vT8JG7OPWWje$U7F1TKlMQq3P./RzO7Fqcz/f.bYOwaS","email":"skadinerfy@mail.ru","type":"user","secret":null,"website":null,"affiliation":null,"country":null,"bracket":null,"hidden":0,"banned":0,"verified":0,"team_id":17,"created":"2023-03-26T08:39:01.860613"},{"id":85,"oauth_id":null,"name":"Triads","password":"$bcrypt-sha256$v=2,t=2b,r=12$RRE6cgR8mBMd/50zm1XnQ.$Nu8cKbZf6HRm7VASrpaY7Xe.ipZTnxm","email":"lapinikita@mail.ru","type":"user","secret":null,"website":null,"affiliation":null,"country":null,"bracket":null,"hidden":0,"banned":0,"verified":0,"team_id":21,"created":"2023-03-26T08:41:02.736905"},{"id":87,"oauth_id":null,"name":"vlhll","password":"$bcrypt-sha256$v=2,t=2b,r=12$QO4IzGqFm7tgzYUPY14J2.$qZO1.mosvuDSKzZgbdzbmzV4fCa/5lO","email":"v_toper@inbox.ru","type":"user","secret":null,"website":null,"affiliation":null,"country":null,"bracket":null,"hidden":0,"banned":0,"verified":0,"team_id":20,"created":"2023-03-26T08:41:25.863460"},{"id":89,"oauth_id":null,"name":"Mr_Z","password":"$bcrypt-sha256$v=2,t=2b,r=12$UxN6n9IgH08hBqCPmdT/Se$zgWOpR5asVWS3DgNC0TwagoSbC5lFyi","email":"yostapchenko@bk.ru","type":"user","secret":null,"website":null,"affiliation":null,"country":null,"bracket":null,"hidden":0,"banned":0,"verified":0,"team_id":23,"created":"2023-03-26T08:41:36.163740"},{"id":92,"oauth_id":null,"name":"Parliamentarius","password":"$bcrypt-sha256$v=2,t=2b,r=12$wOWqXBGVL11Oz.EmcjxEe.$UreCbwLeMsnrWnGTAQ90Wil2NTnlyH2","email":"mr.snpr007@mail.ru","type":"user","secret":null,"website":null,"affiliation":null,"country":null,"bracket":null,"hidden":0,"banned":0,"verified":0,"team_id":20,"created":"2023-03-26T08:41:45.041288"},{"id":93,"oauth_id":null,"name":"log","password":"$bcrypt-sha256$v=2,t=2b,r=12$cbXvf7GBtLte8r8Ds53z4.$ePjO2hfK378MGZnEGcQ.MBM5Q2BiNiC","email":"nwc4ohol9tmn@mail.ru","type":"user","secret":null,"website":null,"affiliation":null,"country":null,"bracket":null,"hidden":0,"banned":0,"verified":0,"team_id":23,"created":"2023-03-26T08:41:50.257172"},{"id":96,"oauth_id":null,"name":"itshuel","password":"$bcrypt-sha256$v=2,t=2b,r=12$RE7DpLINndA99LatXsJNCe$y2FLxdUH.vRxl84ATY.XrpdgNNbBjmW","email":"vldesign.des@gmail.com","type":"user","secret":null,"website":null,"affiliation":null,"country":null,"bracket":null,"hidden":0,"banned":0,"verified":0,"team_id":23,"created":"2023-03-26T08:41:53.547239"},{"id":98,"oauth_id":null,"name":"Cyber_tempest","password":"$bcrypt-sha256$v=2,t=2b,r=12$NKjpCG.tVbl5bKcTY./OXu$2aVWbx10OQS13iWzNHGZSUVT5.Djnfa","email":"cyber_defender@mail.ru","type":"user","secret":null,"website":null,"affiliation":null,"country":null,"bracket":null,"hidden":0,"banned":0,"verified":0,"team_id":20,"created":"2023-03-26T08:42:00.246581"},{"id":101,"oauth_id":null,"name":"mmxmmxmxmdmqmdmqmxm","password":"$bcrypt-sha256$v=2,t=2b,r=12$kX8M8ebcNbgazrBebcoUce$V54lszB405y1Oy7QbmSS/EkGN3d8Anq","email":"0xnoname01@rambler.ru","type":"user","secret":null,"website":null,"affiliation":null,"country":null,"bracket":null,"hidden":0,"banned":0,"verified":0,"team_id":23,"created":"2023-03-26T08:42:05.055184"},{"id":102,"oauth_id":null,"name":"Vo1","password":"$bcrypt-sha256$v=2,t=2b,r=12$i9MqTp6itAaWqVvOYz8gp.$ZSWIr6takYobRpq5f2DV2Njh5O9QjVO","email":"vova.dzhun@mail.ru","type":"user","secret":null,"website":null,"affiliation":null,"country":null,"bracket":null,"hidden":0,"banned":0,"verified":0,"team_id":23,"created":"2023-03-26T08:42:45.758658"},{"id":104,"oauth_id":null,"name":"Dandelion","password":"$bcrypt-sha256$v=2,t=2b,r=12$bfdl4C2h4Unp75GlXpyR0e$c5ZlfRil3VytqBzIeREQtfb2wN48hG2","email":"dam29631@gmail.com","type":"user","secret":null,"website":null,"affiliation":null,"country":null,"bracket":null,"hidden":0,"banned":0,"verified":0,"team_id":20,"created":"2023-03-26T08:43:27.858771"},{"id":106,"oauth_id":null,"name":"Estetika","password":"$bcrypt-sha256$v=2,t=2b,r=12$vA8Jtx6ZQcwtpxjJs0CvEe$XdHnzc/AnMC0mAaavTycsfnSc7jfuNa","email":"alexander.orlov.03@list.ru","type":"user","secret":null,"website":null,"affiliation":null,"country":null,"bracket":null,"hidden":0,"banned":0,"verified":0,"team_id":24,"created":"2023-03-26T08:46:31.565690"},{"id":109,"oauth_id":null,"name":"rdrd","password":"$bcrypt-sha256$v=2,t=2b,r=12$4w0VRxK0mrEvKVnSTK/8O.$.WMjo5gqXVAIGVhDbOCgAc1WBQXh332","email":"egor.nagishev57@mail.ru","type":"user","secret":null,"website":null,"affiliation":null,"country":null,"bracket":null,"hidden":0,"banned":0,"verified":0,"team_id":26,"created":"2023-03-26T08:49:12.853354"},{"id":110,"oauth_id":null,"name":"b3rcut7","password":"$bcrypt-sha256$v=2,t=2b,r=12$68iG03nshmsRtm7JLaXCRO$JPHCMm0OTHfB6G6o78hzLX/Znr.NuB.","email":"levalexandrovich@outlook.com","type":"user","secret":null,"website":null,"affiliation":null,"country":null,"bracket":null,"hidden":0,"banned":0,"verified":0,"team_id":6,"created":"2023-03-26T08:50:30.356366"},{"id":111,"oauth_id":null,"name":"Ultra","password":"$bcrypt-sha256$v=2,t=2b,r=12$BbUMiapmjNsG.Lhuup4hqe$k2L6DGcSN2kpN.KfWYI3qPfkm90B6CC","email":"timalisin2001@gmail.com","type":"user","secret":null,"website":null,"affiliation":null,"country":null,"bracket":null,"hidden":0,"banned":0,"verified":0,"team_id":23,"created":"2023-03-26T08:56:52.556942"},{"id":112,"oauth_id":null,"name":"maloznaal","password":"$bcrypt-sha256$v=2,t=2b,r=12$9MJH1PcWU3wp78EQMQj4Z.$BiFT6imtR19FMuPbm9cQ8J7N8u499PG","email":"kaygor59@gmail.com","type":"user","secret":null,"website":null,"affiliation":null,"country":null,"bracket":null,"hidden":0,"banned":0,"verified":0,"team_id":24,"created":"2023-03-26T09:15:47.138527"},{"id":114,"oauth_id":null,"name":"0ld3gg","password":"$bcrypt-sha256$v=2,t=2b,r=12$9nI62E.DBBI33wIguMrtXO$2gwc9R0WY2a67qpDHrD2lMfJ8JWss2K","email":"sitnikov-vanyusha@list.ru","type":"user","secret":null,"website":null,"affiliation":null,"country":null,"bracket":null,"hidden":0,"banned":0,"verified":0,"team_id":6,"created":"2023-03-26T09:22:12.857728"},{"id":115,"oauth_id":null,"name":"Mishka","password":"$bcrypt-sha256$v=2,t=2b,r=12$.wk40TXbM3zIvCRjeWtM3O$psy2eP/Z4qg6I5XgoW0/Kc9ZyBLV2RW","email":"p.3701@mail.ru","type":"user","secret":null,"website":null,"affiliation":null,"country":null,"bracket":null,"hidden":0,"banned":0,"verified":0,"team_id":12,"created":"2023-03-26T09:28:35.160453"},{"id":118,"oauth_id":null,"name":"shokedbrain","password":"$bcrypt-sha256$v=2,t=2b,r=12$DFnY65kovHw/sHd81tgOK.$HksB1jjG9wMvQ6CnbzbufzEk/JW0jiK","email":"a.solomencev@yandex.ru","type":"user","secret":null,"website":null,"affiliation":null,"country":null,"bracket":null,"hidden":0,"banned":0,"verified":0,"team_id":8,"created":"2023-03-26T09:41:00.055977"},{"id":120,"oauth_id":null,"name":"sonnyalenn","password":"$bcrypt-sha256$v=2,t=2b,r=12$I5O2BfFKAMlDwuolUuArJ.$gHMEETPR.6sVkevEnsGmKXEEP1U1Epm","email":"sonnyalenn@gmail.com","type":"user","secret":null,"website":null,"affiliation":null,"country":null,"bracket":null,"hidden":0,"banned":0,"verified":0,"team_id":24,"created":"2023-03-26T09:41:36.453060"},{"id":123,"oauth_id":null,"name":"kot3","password":"$bcrypt-sha256$v=2,t=2b,r=12$NkwrKP8ObIpRCadxtYwf/O$ubbU0CTRkwDp4YyRtfte6TEYdrUefye","email":"nai122002@mail.ru","type":"user","secret":null,"website":null,"affiliation":null,"country":null,"bracket":null,"hidden":0,"banned":0,"verified":0,"team_id":23,"created":"2023-03-26T09:48:04.549715"},{"id":126,"oauth_id":null,"name":"VladoZAVR","password":"$bcrypt-sha256$v=2,t=2b,r=12$dOZA.I/J3VvwFUoBWQKjtu$2d2lFnpGVUwNIYTL5zA9WOmLmbVj.ki","email":"zavarzin-05@mail.ru","type":"user","secret":null,"website":null,"affiliation":null,"country":null,"bracket":null,"hidden":0,"banned":0,"verified":0,"team_id":12,"created":"2023-03-26T10:03:43.058006"},{"id":128,"oauth_id":null,"name":"arty","password":"$bcrypt-sha256$v=2,t=2b,r=12$ewFQVBtHYEblqargpU0JWe$.3n.SikZke7zTtKgUFOnx2ESAV0AGYK","email":"suremug@yandex.ru","type":"user","secret":null,"website":null,"affiliation":null,"country":null,"bracket":null,"hidden":0,"banned":0,"verified":0,"team_id":null,"created":"2023-03-26T10:03:50.657141"},{"id":131,"oauth_id":null,"name":"Prokuror","password":"$bcrypt-sha256$v=2,t=2b,r=12$SyCAVqVmQqxExBzzA6Agbe$NwEFUh6PkuEiI/Q.DpFioH2AT5n0Eh.","email":"e-mex626@mail.ru","type":"user","secret":null,"website":null,"affiliation":null,"country":null,"bracket":null,"hidden":0,"banned":0,"verified":0,"team_id":31,"created":"2023-03-26T10:05:20.054776"},{"id":134,"oauth_id":null,"name":"ProKurorchik","password":"$bcrypt-sha256$v=2,t=2b,r=12$0P5DnI7Tt0lsdu1fP7ZZCe$Sa1DZiXW4CTQSnyYuOWpnpRX1nctRlS","email":"emex994@gmail.com","type":"user","secret":null,"website":null,"affiliation":null,"country":null,"bracket":null,"hidden":0,"banned":0,"verified":0,"team_id":32,"created":"2023-03-26T10:14:28.451323"},{"id":135,"oauth_id":null,"name":"l4k3r0k","password":"$bcrypt-sha256$v=2,t=2b,r=12$.4.PyZ9uJnbT.lDhufPwAO$L7O4RaKcSfIcOSMBk6aaWvLh.Tu.uJK","email":"sergtrof1m@yandex.ru","type":"user","secret":null,"website":null,"affiliation":null,"country":null,"bracket":null,"hidden":0,"banned":0,"verified":0,"team_id":35,"created":"2023-03-26T10:33:34.639931"},{"id":136,"oauth_id":null,"name":"phant9om","password":"$bcrypt-sha256$v=2,t=2b,r=12$nMfLTHwA5ELd1XTrV1Yeze$n4aWqsnHF186tiMwW6nHps2.s6XpOla","email":"vbalysov2@mail.ru","type":"user","secret":null,"website":null,"affiliation":null,"country":null,"bracket":null,"hidden":0,"banned":0,"verified":0,"team_id":24,"created":"2023-03-26T10:39:28.665455"},{"id":139,"oauth_id":null,"name":"qfdfxls","password":"$bcrypt-sha256$v=2,t=2b,r=12$haWi.Y/5IsECbthIVAtQRO$ObzLEW3XVBO0bx7i3OpYI8m9PHucGQC","email":"ssppppppppppp@gmail.com","type":"user","secret":null,"website":null,"affiliation":null,"country":null,"bracket":null,"hidden":0,"banned":0,"verified":0,"team_id":9,"created":"2023-03-26T10:42:29.339680"},{"id":142,"oauth_id":null,"name":"VALIKO666","password":"$bcrypt-sha256$v=2,t=2b,r=12$eFycUjXKQFXz7xck1T2zz.$eVRctRxvRbriezm0/P5d.l2.c7lImC2","email":"k0fanov36@yandex.ru","type":"user","secret":null,"website":null,"affiliation":null,"country":null,"bracket":null,"hidden":0,"banned":0,"verified":0,"team_id":24,"created":"2023-03-26T10:43:35.952495"},{"id":143,"oauth_id":null,"name":"413RT","password":"$bcrypt-sha256$v=2,t=2b,r=12$ZDIJOjs7VdrvNA/hFc7mYO$pMjWp3MXi5tbR.Rjy6z/dr1MdhSzx6m","email":"caritasvivit@yandex.ru","type":"user","secret":null,"website":null,"affiliation":null,"country":null,"bracket":null,"hidden":0,"banned":0,"verified":0,"team_id":null,"created":"2023-03-26T10:51:33.537670"},{"id":144,"oauth_id":null,"name":"lo0v777","password":"$bcrypt-sha256$v=2,t=2b,r=12$YcMXjQqJz.6zoE4awpGwp.$hjCFfaD1TDt2tTHVPqQAw8YXG5eYv7m","email":"lo0v777@mail.ru","type":"user","secret":null,"website":null,"affiliation":null,"country":null,"bracket":null,"hidden":0,"banned":0,"verified":0,"team_id":24,"created":"2023-03-26T10:52:15.951638"},{"id":145,"oauth_id":null,"name":"kruasann","password":"$bcrypt-sha256$v=2,t=2b,r=12$zu0CakOv0v1przbkW.kOue$u5VT7KFZ86TeIRu.fjXlDlrUuhwKeRG","email":"g.khlystov04@gmail.com","type":"user","secret":null,"website":null,"affiliation":null,"country":null,"bracket":null,"hidden":0,"banned":0,"verified":0,"team_id":36,"created":"2023-03-26T11:44:23.244536"},{"id":146,"oauth_id":null,"name":"a_z_i_b_f","password":"$bcrypt-sha256$v=2,t=2b,r=12$SG.9boWlBurEoExCx.q8N.$hqIgjV4DEL3tNHnjrQEWZtvVn4JStxK","email":"arinazakh@gmail.com","type":"user","secret":null,"website":null,"affiliation":null,"country":null,"bracket":null,"hidden":0,"banned":0,"verified":0,"team_id":38,"created":"2023-03-26T11:52:15.954268"},{"id":148,"oauth_id":null,"name":"bunnyton","password":"$bcrypt-sha256$v=2,t=2b,r=12$SvYHWimJtZ3Agw3facKIM.$oy4lwoIxHmTNeZBYqrFp9GjekByvhbS","email":"toni.suvorov.15@mail.ru","type":"user","secret":null,"website":null,"affiliation":null,"country":null,"bracket":null,"hidden":0,"banned":0,"verified":0,"team_id":38,"created":"2023-03-26T12:10:03.061407"}],"meta":{}}